odd_plane_fraction,odd_plane_percent,antisymmetric_planes,symmetric_planes,n_planes,dimension,seed,lambda_start_frac,lambda_block_cca,run_dir,saved_checkpoint_epoch,checkpoint_selection,checkpoint_lambda_scale,checkpoint_regularization_lambda,embedding_val_zeta,mean_val_zeta,embedding_whole_val_regularization_raw,train_log,finetune_log,finetune_metrics,frozen_decoder_feature_layer,frozen_decoder_feature_dim,frozen_decoder_rmse_x,frozen_decoder_rmse_y,frozen_decoder_rmse_mean,frozen_decoder_r2_x,frozen_decoder_r2_y,frozen_decoder_r2_mean,finetuned_decoder_feature_layer,finetuned_decoder_feature_dim,finetuned_decoder_rmse_x,finetuned_decoder_rmse_y,finetuned_decoder_rmse_mean,finetuned_decoder_r2_x,finetuned_decoder_r2_y,finetuned_decoder_r2_mean
0.0,0.0,0,64,64,128,0,0.1,10.0,/home/omo26/Non-Rev-Owen/mcmaze/runs/20260729_152713_d128_h256_dep2_bs64_ep150_lr5e-04_lxp0.0_lbt0.0_lcca10.0_sig10.0_s0,147,best_val_zeta,0.981879,9.81879,0.4267387456364102,0.2931935191,0.016785,/home/omo26/Non-Rev-Owen/mcmaze/odd_plane_fraction_finetune_sweep/logs/odd0_ap0_d128_s0_main.log,/home/omo26/Non-Rev-Owen/mcmaze/odd_plane_fraction_finetune_sweep/logs/odd0_ap0_d128_s0_finetune.log,/home/omo26/Non-Rev-Owen/mcmaze/runs/20260729_152713_d128_h256_dep2_bs64_ep150_lr5e-04_lxp0.0_lbt0.0_lcca10.0_sig10.0_s0/outputs/velocity_prediction_finetune_100ms_hidden/metrics.csv,hidden,512,78.5871353149414,82.04513549804688,80.33554077148438,0.9062403440475464,0.8745015859603882,0.8903709650039673,hidden,512,68.56752014160156,73.33167266845703,70.99038696289062,0.9286243319511414,0.8997427821159363,0.9141835570335388
0.0,0.0,0,64,64,128,1,0.1,10.0,/home/omo26/Non-Rev-Owen/mcmaze/runs/20260729_153039_d128_h256_dep2_bs64_ep150_lr5e-04_lxp0.0_lbt0.0_lcca10.0_sig10.0_s1,105,best_val_zeta,0.728188,7.281879999999999,0.42843759391042924,0.2949365675,0.019631,/home/omo26/Non-Rev-Owen/mcmaze/odd_plane_fraction_finetune_sweep/logs/odd0_ap0_d128_s1_main.log,/home/omo26/Non-Rev-Owen/mcmaze/odd_plane_fraction_finetune_sweep/logs/odd0_ap0_d128_s1_finetune.log,/home/omo26/Non-Rev-Owen/mcmaze/runs/20260729_153039_d128_h256_dep2_bs64_ep150_lr5e-04_lxp0.0_lbt0.0_lcca10.0_sig10.0_s1/outputs/velocity_prediction_finetune_100ms_hidden/metrics.csv,hidden,512,77.4751968383789,79.70355224609375,78.59798431396484,0.9055019617080688,0.8790138959884644,0.8922579288482666,hidden,512,70.19546508789062,72.25123596191406,71.2315673828125,0.9224261045455933,0.9005807042121887,0.9115034341812134
0.0,0.0,0,64,64,128,2,0.1,10.0,/home/omo26/Non-Rev-Owen/mcmaze/runs/20260729_153635_d128_h256_dep2_bs64_ep150_lr5e-04_lxp0.0_lbt0.0_lcca10.0_sig10.0_s2,96,best_val_zeta,0.673826,6.73826,0.4154740042156643,0.2800022364,0.020184,/home/omo26/Non-Rev-Owen/mcmaze/odd_plane_fraction_finetune_sweep/logs/odd0_ap0_d128_s2_main.log,/home/omo26/Non-Rev-Owen/mcmaze/odd_plane_fraction_finetune_sweep/logs/odd0_ap0_d128_s2_finetune.log,/home/omo26/Non-Rev-Owen/mcmaze/runs/20260729_153635_d128_h256_dep2_bs64_ep150_lr5e-04_lxp0.0_lbt0.0_lcca10.0_sig10.0_s2/outputs/velocity_prediction_finetune_100ms_hidden/metrics.csv,hidden,512,75.62349700927734,81.4901351928711,78.61238861083984,0.909623384475708,0.8724946975708008,0.8910590410232544,hidden,512,68.18881225585938,72.46796417236328,70.36170196533203,0.926520049571991,0.8991652131080627,0.9128426313400269
0.0,0.0,0,64,64,128,3,0.1,10.0,/home/omo26/Non-Rev-Owen/mcmaze/runs/20260729_154231_d128_h256_dep2_bs64_ep150_lr5e-04_lxp0.0_lbt0.0_lcca10.0_sig10.0_s3,58,best_val_zeta,0.444295,4.44295,0.41724764969613815,0.2878561616,0.029985,/home/omo26/Non-Rev-Owen/mcmaze/odd_plane_fraction_finetune_sweep/logs/odd0_ap0_d128_s3_main.log,/home/omo26/Non-Rev-Owen/mcmaze/odd_plane_fraction_finetune_sweep/logs/odd0_ap0_d128_s3_finetune.log,/home/omo26/Non-Rev-Owen/mcmaze/runs/20260729_154231_d128_h256_dep2_bs64_ep150_lr5e-04_lxp0.0_lbt0.0_lcca10.0_sig10.0_s3/outputs/velocity_prediction_finetune_100ms_hidden/metrics.csv,hidden,512,78.6037368774414,85.53833770751953,82.14508819580078,0.9015928506851196,0.8652323484420776,0.8834125995635986,hidden,512,69.26770782470703,75.23735809326172,72.31491088867188,0.9235808849334717,0.895736813545227,0.9096588492393494
0.25,25.0,16,48,64,128,0,0.1,10.0,/home/omo26/Non-Rev-Owen/mcmaze/runs/20260729_161142_d128_h256_dep2_bs64_ep150_lr5e-04_lxp0.0_lbt0.0_lcca10.0_sig10.0_s0,118,best_val_zeta,0.806711,8.06711,0.4431510070959727,0.3202403188,0.015595,/home/omo26/Non-Rev-Owen/mcmaze/odd_plane_fraction_finetune_sweep/logs/odd0p25_ap16_d128_s0_main.log,/home/omo26/Non-Rev-Owen/mcmaze/odd_plane_fraction_finetune_sweep/logs/odd0p25_ap16_d128_s0_finetune.log,/home/omo26/Non-Rev-Owen/mcmaze/runs/20260729_161142_d128_h256_dep2_bs64_ep150_lr5e-04_lxp0.0_lbt0.0_lcca10.0_sig10.0_s0/outputs/velocity_prediction_finetune_100ms_hidden/metrics.csv,hidden,512,73.70035552978516,76.83872985839844,75.28659057617188,0.9175382852554321,0.8899239301681519,0.903731107711792,hidden,512,66.98123931884766,73.157470703125,70.13819122314453,0.9318886399269104,0.9002185463905334,0.9160535931587219
0.25,25.0,16,48,64,128,1,0.1,10.0,/home/omo26/Non-Rev-Owen/mcmaze/runs/20260729_161510_d128_h256_dep2_bs64_ep150_lr5e-04_lxp0.0_lbt0.0_lcca10.0_sig10.0_s1,83,best_val_zeta,0.595302,5.95302,0.4627106322182549,0.3681177497,0.024433,/home/omo26/Non-Rev-Owen/mcmaze/odd_plane_fraction_finetune_sweep/logs/odd0p25_ap16_d128_s1_main.log,/home/omo26/Non-Rev-Owen/mcmaze/odd_plane_fraction_finetune_sweep/logs/odd0p25_ap16_d128_s1_finetune.log,/home/omo26/Non-Rev-Owen/mcmaze/runs/20260729_161510_d128_h256_dep2_bs64_ep150_lr5e-04_lxp0.0_lbt0.0_lcca10.0_sig10.0_s1/outputs/velocity_prediction_finetune_100ms_hidden/metrics.csv,hidden,512,78.46419525146484,82.1443862915039,80.3262710571289,0.9030739665031433,0.8714902997016907,0.887282133102417,hidden,512,71.18731689453125,74.35210418701172,72.78797912597656,0.9202184081077576,0.8947149515151978,0.9074666500091553
0.25,25.0,16,48,64,128,2,0.1,10.0,/home/omo26/Non-Rev-Owen/mcmaze/runs/20260729_161842_d128_h256_dep2_bs64_ep150_lr5e-04_lxp0.0_lbt0.0_lcca10.0_sig10.0_s2,82,best_val_zeta,0.589262,5.892619999999999,0.4521579709317949,0.3391866088,0.024283,/home/omo26/Non-Rev-Owen/mcmaze/odd_plane_fraction_finetune_sweep/logs/odd0p25_ap16_d128_s2_main.log,/home/omo26/Non-Rev-Owen/mcmaze/odd_plane_fraction_finetune_sweep/logs/odd0p25_ap16_d128_s2_finetune.log,/home/omo26/Non-Rev-Owen/mcmaze/runs/20260729_161842_d128_h256_dep2_bs64_ep150_lr5e-04_lxp0.0_lbt0.0_lcca10.0_sig10.0_s2/outputs/velocity_prediction_finetune_100ms_hidden/metrics.csv,hidden,512,72.12522888183594,79.32697296142578,75.8122329711914,0.9177914261817932,0.8791741132736206,0.8984827995300293,hidden,512,66.46934509277344,72.5138931274414,69.55818176269531,0.9301791191101074,0.8990373611450195,0.9146082401275635
0.25,25.0,16,48,64,128,3,0.1,10.0,/home/omo26/Non-Rev-Owen/mcmaze/runs/20260729_162252_d128_h256_dep2_bs64_ep150_lr5e-04_lxp0.0_lbt0.0_lcca10.0_sig10.0_s3,44,best_val_zeta,0.359732,3.59732,0.4390946063730452,0.3199303746,0.032828,/home/omo26/Non-Rev-Owen/mcmaze/odd_plane_fraction_finetune_sweep/logs/odd0p25_ap16_d128_s3_main.log,/home/omo26/Non-Rev-Owen/mcmaze/odd_plane_fraction_finetune_sweep/logs/odd0p25_ap16_d128_s3_finetune.log,/home/omo26/Non-Rev-Owen/mcmaze/runs/20260729_162252_d128_h256_dep2_bs64_ep150_lr5e-04_lxp0.0_lbt0.0_lcca10.0_sig10.0_s3/outputs/velocity_prediction_finetune_100ms_hidden/metrics.csv,hidden,512,76.72395324707031,82.1976089477539,79.50865936279297,0.9062433242797852,0.8755536079406738,0.8908984661102295,hidden,512,68.48214721679688,75.89891815185547,72.2864990234375,0.9253044128417969,0.893895149230957,0.909599781036377
0.25,25.0,16,48,64,128,4,0.1,10.0,/home/omo26/Non-Rev-Owen/mcmaze/runs/20260729_162853_d128_h256_dep2_bs64_ep150_lr5e-04_lxp0.0_lbt0.0_lcca10.0_sig10.0_s4,81,best_val_zeta,0.583221,5.83221,0.42408937878078884,0.3102131784,0.021840,/home/omo26/Non-Rev-Owen/mcmaze/odd_plane_fraction_finetune_sweep/logs/odd0p25_ap16_d128_s4_main.log,/home/omo26/Non-Rev-Owen/mcmaze/odd_plane_fraction_finetune_sweep/logs/odd0p25_ap16_d128_s4_finetune.log,/home/omo26/Non-Rev-Owen/mcmaze/runs/20260729_162853_d128_h256_dep2_bs64_ep150_lr5e-04_lxp0.0_lbt0.0_lcca10.0_sig10.0_s4/outputs/velocity_prediction_finetune_100ms_hidden/metrics.csv,hidden,512,73.7144546508789,77.71531677246094,75.74200439453125,0.9143880009651184,0.8853678703308105,0.8998779058456421,hidden,512,68.16637420654297,72.42335510253906,70.32785034179688,0.9267901182174683,0.9004479646682739,0.9136190414428711
0.5,50.0,32,32,64,128,0,0.1,10.0,/home/omo26/Non-Rev-Owen/mcmaze/runs/20260729_163444_d128_h256_dep2_bs64_ep150_lr5e-04_lxp0.0_lbt0.0_lcca10.0_sig10.0_s0,99,best_val_zeta,0.691946,6.919459999999999,0.482837223344379,0.3486758471,0.015613,/home/omo26/Non-Rev-Owen/mcmaze/odd_plane_fraction_finetune_sweep/logs/odd0p5_ap32_d128_s0_main.log,/home/omo26/Non-Rev-Owen/mcmaze/odd_plane_fraction_finetune_sweep/logs/odd0p5_ap32_d128_s0_finetune.log,/home/omo26/Non-Rev-Owen/mcmaze/runs/20260729_163444_d128_h256_dep2_bs64_ep150_lr5e-04_lxp0.0_lbt0.0_lcca10.0_sig10.0_s0/outputs/velocity_prediction_finetune_100ms_hidden/metrics.csv,hidden,512,73.3281478881836,78.57363891601562,75.99681854248047,0.9183691143989563,0.8848971128463745,0.9016331434249878,hidden,512,67.46463012695312,73.91188049316406,70.76245880126953,0.9309020042419434,0.8981499671936035,0.9145259857177734
0.5,50.0,32,32,64,128,1,0.1,10.0,/home/omo26/Non-Rev-Owen/mcmaze/runs/20260729_163825_d128_h256_dep2_bs64_ep150_lr5e-04_lxp0.0_lbt0.0_lcca10.0_sig10.0_s1,137,best_val_zeta,0.921477,9.21477,0.453517218430837,0.2971563041,0.010304,/home/omo26/Non-Rev-Owen/mcmaze/odd_plane_fraction_finetune_sweep/logs/odd0p5_ap32_d128_s1_main.log,/home/omo26/Non-Rev-Owen/mcmaze/odd_plane_fraction_finetune_sweep/logs/odd0p5_ap32_d128_s1_finetune.log,/home/omo26/Non-Rev-Owen/mcmaze/runs/20260729_163825_d128_h256_dep2_bs64_ep150_lr5e-04_lxp0.0_lbt0.0_lcca10.0_sig10.0_s1/outputs/velocity_prediction_finetune_100ms_hidden/metrics.csv,hidden,512,74.86183166503906,77.69491577148438,76.29218292236328,0.9117695689201355,0.8850350975990295,0.8984023332595825,hidden,512,69.9382553100586,72.81291961669922,71.39079284667969,0.922993540763855,0.8990288972854614,0.9110112190246582
0.5,50.0,32,32,64,128,2,0.1,10.0,/home/omo26/Non-Rev-Owen/mcmaze/runs/20260729_164152_d128_h256_dep2_bs64_ep150_lr5e-04_lxp0.0_lbt0.0_lcca10.0_sig10.0_s2,83,best_val_zeta,0.595302,5.95302,0.45663486255539787,0.3155209124,0.017492,/home/omo26/Non-Rev-Owen/mcmaze/odd_plane_fraction_finetune_sweep/logs/odd0p5_ap32_d128_s2_main.log,/home/omo26/Non-Rev-Owen/mcmaze/odd_plane_fraction_finetune_sweep/logs/odd0p5_ap32_d128_s2_finetune.log,/home/omo26/Non-Rev-Owen/mcmaze/runs/20260729_164152_d128_h256_dep2_bs64_ep150_lr5e-04_lxp0.0_lbt0.0_lcca10.0_sig10.0_s2/outputs/velocity_prediction_finetune_100ms_hidden/metrics.csv,hidden,512,73.49861907958984,77.80839538574219,75.68482971191406,0.9146308302879333,0.8837558031082153,0.899193286895752,hidden,512,67.0045394897461,71.92725372314453,69.51016998291016,0.9290502071380615,0.9006643295288086,0.9148572683334351
0.5,50.0,32,32,64,128,3,0.1,10.0,/home/omo26/Non-Rev-Owen/mcmaze/runs/20260729_164755_d128_h256_dep2_bs64_ep150_lr5e-04_lxp0.0_lbt0.0_lcca10.0_sig10.0_s3,95,best_val_zeta,0.667785,6.677849999999999,0.4818575878938039,0.3491902351,0.017227,/home/omo26/Non-Rev-Owen/mcmaze/odd_plane_fraction_finetune_sweep/logs/odd0p5_ap32_d128_s3_main.log,/home/omo26/Non-Rev-Owen/mcmaze/odd_plane_fraction_finetune_sweep/logs/odd0p5_ap32_d128_s3_finetune.log,/home/omo26/Non-Rev-Owen/mcmaze/runs/20260729_164755_d128_h256_dep2_bs64_ep150_lr5e-04_lxp0.0_lbt0.0_lcca10.0_sig10.0_s3/outputs/velocity_prediction_finetune_100ms_hidden/metrics.csv,hidden,512,73.5323715209961,80.19033813476562,76.9341812133789,0.9138813018798828,0.8815573453903198,0.8977193236351013,hidden,512,69.41065979003906,74.01213836669922,71.74915313720703,0.9232651591300964,0.8991049528121948,0.9111850261688232
0.5,50.0,32,32,64,128,4,0.1,10.0,/home/omo26/Non-Rev-Owen/mcmaze/runs/20260729_165125_d128_h256_dep2_bs64_ep150_lr5e-04_lxp0.0_lbt0.0_lcca10.0_sig10.0_s4,87,best_val_zeta,0.619463,6.19463,0.467028323147032,0.3040259778,0.016379,/home/omo26/Non-Rev-Owen/mcmaze/odd_plane_fraction_finetune_sweep/logs/odd0p5_ap32_d128_s4_main.log,/home/omo26/Non-Rev-Owen/mcmaze/odd_plane_fraction_finetune_sweep/logs/odd0p5_ap32_d128_s4_finetune.log,/home/omo26/Non-Rev-Owen/mcmaze/runs/20260729_165125_d128_h256_dep2_bs64_ep150_lr5e-04_lxp0.0_lbt0.0_lcca10.0_sig10.0_s4/outputs/velocity_prediction_finetune_100ms_hidden/metrics.csv,hidden,512,73.91703796386719,80.46745300292969,77.2623062133789,0.9139167666435242,0.877105176448822,0.8955109715461731,hidden,512,69.69470977783203,73.3327865600586,71.5377197265625,0.9234704971313477,0.8979320526123047,0.9107012748718262
0.75,75.0,48,16,64,128,0,0.1,10.0,/home/omo26/Non-Rev-Owen/mcmaze/runs/20260729_165520_d128_h256_dep2_bs64_ep150_lr5e-04_lxp0.0_lbt0.0_lcca10.0_sig10.0_s0,111,best_val_zeta,0.764430,7.6443,0.4651397963364919,0.2165893912,0.004126,/home/omo26/Non-Rev-Owen/mcmaze/odd_plane_fraction_finetune_sweep/logs/odd0p75_ap48_d128_s0_main.log,/home/omo26/Non-Rev-Owen/mcmaze/odd_plane_fraction_finetune_sweep/logs/odd0p75_ap48_d128_s0_finetune.log,/home/omo26/Non-Rev-Owen/mcmaze/runs/20260729_165520_d128_h256_dep2_bs64_ep150_lr5e-04_lxp0.0_lbt0.0_lcca10.0_sig10.0_s0/outputs/velocity_prediction_finetune_100ms_hidden/metrics.csv,hidden,512,76.28152465820312,80.09913635253906,78.21440124511719,0.9116610884666443,0.8803842663764954,0.8960226774215698,hidden,512,68.54676818847656,75.62079620361328,72.17141723632812,0.9286675453186035,0.8933857679367065,0.911026656627655
0.75,75.0,48,16,64,128,1,0.1,10.0,/home/omo26/Non-Rev-Owen/mcmaze/runs/20260729_170003_d128_h256_dep2_bs64_ep150_lr5e-04_lxp0.0_lbt0.0_lcca10.0_sig10.0_s1,72,best_val_zeta,0.528859,5.288589999999999,0.4954143861929576,0.2454912663,0.011908,/home/omo26/Non-Rev-Owen/mcmaze/odd_plane_fraction_finetune_sweep/logs/odd0p75_ap48_d128_s1_main.log,/home/omo26/Non-Rev-Owen/mcmaze/odd_plane_fraction_finetune_sweep/logs/odd0p75_ap48_d128_s1_finetune.log,/home/omo26/Non-Rev-Owen/mcmaze/runs/20260729_170003_d128_h256_dep2_bs64_ep150_lr5e-04_lxp0.0_lbt0.0_lcca10.0_sig10.0_s1/outputs/velocity_prediction_finetune_100ms_hidden/metrics.csv,hidden,512,75.74468994140625,79.99315643310547,77.89872741699219,0.9096762537956238,0.8781330585479736,0.8939046859741211,hidden,512,70.81903839111328,74.07356262207031,72.46533203125,0.92104172706604,0.8955023288726807,0.9082720279693604
0.75,75.0,48,16,64,128,2,0.1,10.0,/home/omo26/Non-Rev-Owen/mcmaze/runs/20260729_170552_d128_h256_dep2_bs64_ep150_lr5e-04_lxp0.0_lbt0.0_lcca10.0_sig10.0_s2,50,best_val_zeta,0.395973,3.9597300000000004,0.437352673874961,0.2201672494,0.013455,/home/omo26/Non-Rev-Owen/mcmaze/odd_plane_fraction_finetune_sweep/logs/odd0p75_ap48_d128_s2_main.log,/home/omo26/Non-Rev-Owen/mcmaze/odd_plane_fraction_finetune_sweep/logs/odd0p75_ap48_d128_s2_finetune.log,/home/omo26/Non-Rev-Owen/mcmaze/runs/20260729_170552_d128_h256_dep2_bs64_ep150_lr5e-04_lxp0.0_lbt0.0_lcca10.0_sig10.0_s2/outputs/velocity_prediction_finetune_100ms_hidden/metrics.csv,hidden,512,74.3046875,82.3211669921875,78.41609954833984,0.9127480983734131,0.8698807954788208,0.8913144469261169,hidden,512,68.23784637451172,74.86957550048828,71.63124084472656,0.9264143109321594,0.8923710584640503,0.9093927145004272
0.75,75.0,48,16,64,128,3,0.1,10.0,/home/omo26/Non-Rev-Owen/mcmaze/runs/20260729_171005_d128_h256_dep2_bs64_ep150_lr5e-04_lxp0.0_lbt0.0_lcca10.0_sig10.0_s3,99,best_val_zeta,0.691946,6.919459999999999,0.4322318467828963,0.2356564403,0.008128,/home/omo26/Non-Rev-Owen/mcmaze/odd_plane_fraction_finetune_sweep/logs/odd0p75_ap48_d128_s3_main.log,/home/omo26/Non-Rev-Owen/mcmaze/odd_plane_fraction_finetune_sweep/logs/odd0p75_ap48_d128_s3_finetune.log,/home/omo26/Non-Rev-Owen/mcmaze/runs/20260729_171005_d128_h256_dep2_bs64_ep150_lr5e-04_lxp0.0_lbt0.0_lcca10.0_sig10.0_s3/outputs/velocity_prediction_finetune_100ms_hidden/metrics.csv,hidden,512,75.0338134765625,79.80628204345703,77.4576416015625,0.9103285670280457,0.8826891183853149,0.8965088129043579,hidden,512,69.14765167236328,74.23764038085938,71.7385025024414,0.9238455891609192,0.8984891772270203,0.9111673831939697
0.75,75.0,48,16,64,128,4,0.1,10.0,/home/omo26/Non-Rev-Owen/mcmaze/runs/20260729_171552_d128_h256_dep2_bs64_ep150_lr5e-04_lxp0.0_lbt0.0_lcca10.0_sig10.0_s4,75,best_val_zeta,0.546980,5.4698,0.5078079965379503,0.2458355576,0.009946,/home/omo26/Non-Rev-Owen/mcmaze/odd_plane_fraction_finetune_sweep/logs/odd0p75_ap48_d128_s4_main.log,/home/omo26/Non-Rev-Owen/mcmaze/odd_plane_fraction_finetune_sweep/logs/odd0p75_ap48_d128_s4_finetune.log,/home/omo26/Non-Rev-Owen/mcmaze/runs/20260729_171552_d128_h256_dep2_bs64_ep150_lr5e-04_lxp0.0_lbt0.0_lcca10.0_sig10.0_s4/outputs/velocity_prediction_finetune_100ms_hidden/metrics.csv,hidden,512,76.40719604492188,81.42852783203125,78.95845794677734,0.9080190658569336,0.8741520643234253,0.8910855650901794,hidden,512,69.28289794921875,73.47151184082031,71.4088134765625,0.9243721961975098,0.8975455164909363,0.9109588861465454
1.0,100.0,64,0,64,128,0,0.1,10.0,/home/omo26/Non-Rev-Owen/mcmaze/runs/20260729_172153_d128_h256_dep2_bs64_ep150_lr5e-04_lxp0.0_lbt0.0_lcca10.0_sig10.0_s0,140,best_val_zeta,0.939597,9.39597,0.43828947676552665,0.2101898044,0.004848,/home/omo26/Non-Rev-Owen/mcmaze/odd_plane_fraction_finetune_sweep/logs/odd1_ap64_d128_s0_main.log,/home/omo26/Non-Rev-Owen/mcmaze/odd_plane_fraction_finetune_sweep/logs/odd1_ap64_d128_s0_finetune.log,/home/omo26/Non-Rev-Owen/mcmaze/runs/20260729_172153_d128_h256_dep2_bs64_ep150_lr5e-04_lxp0.0_lbt0.0_lcca10.0_sig10.0_s0/outputs/velocity_prediction_finetune_100ms_hidden/metrics.csv,hidden,256,90.53296661376953,98.38574981689453,94.54179382324219,0.8755695223808289,0.8195333480834961,0.8475514650344849,hidden,256,85.89607238769531,93.78675079345703,89.92906188964844,0.8879892230033875,0.8360106945037842,0.8619999885559082
1.0,100.0,64,0,64,128,1,0.1,10.0,/home/omo26/Non-Rev-Owen/mcmaze/runs/20260729_172548_d128_h256_dep2_bs64_ep150_lr5e-04_lxp0.0_lbt0.0_lcca10.0_sig10.0_s1,137,best_val_zeta,0.921477,9.21477,0.45147570305400425,0.2031411529,0.004041,/home/omo26/Non-Rev-Owen/mcmaze/odd_plane_fraction_finetune_sweep/logs/odd1_ap64_d128_s1_main.log,/home/omo26/Non-Rev-Owen/mcmaze/odd_plane_fraction_finetune_sweep/logs/odd1_ap64_d128_s1_finetune.log,/home/omo26/Non-Rev-Owen/mcmaze/runs/20260729_172548_d128_h256_dep2_bs64_ep150_lr5e-04_lxp0.0_lbt0.0_lcca10.0_sig10.0_s1/outputs/velocity_prediction_finetune_100ms_hidden/metrics.csv,hidden,256,90.07527923583984,97.54952239990234,93.88787078857422,0.8722653388977051,0.8187698125839233,0.8455175757408142,hidden,256,86.7507553100586,92.42835235595703,89.63568878173828,0.8815202713012695,0.8372988700866699,0.8594095706939697
1.0,100.0,64,0,64,128,2,0.1,10.0,/home/omo26/Non-Rev-Owen/mcmaze/runs/20260729_173144_d128_h256_dep2_bs64_ep150_lr5e-04_lxp0.0_lbt0.0_lcca10.0_sig10.0_s2,141,best_val_zeta,0.945638,9.45638,0.4363116919994354,0.2037225366,0.004521,/home/omo26/Non-Rev-Owen/mcmaze/odd_plane_fraction_finetune_sweep/logs/odd1_ap64_d128_s2_main.log,/home/omo26/Non-Rev-Owen/mcmaze/odd_plane_fraction_finetune_sweep/logs/odd1_ap64_d128_s2_finetune.log,/home/omo26/Non-Rev-Owen/mcmaze/runs/20260729_173144_d128_h256_dep2_bs64_ep150_lr5e-04_lxp0.0_lbt0.0_lcca10.0_sig10.0_s2/outputs/velocity_prediction_finetune_100ms_hidden/metrics.csv,hidden,256,89.64717864990234,98.21776580810547,94.0309829711914,0.87299644947052,0.8147755265235901,0.8438860177993774,hidden,256,85.34273529052734,93.3734130859375,89.44928741455078,0.8848998546600342,0.8325964212417603,0.8587481379508972
1.0,100.0,64,0,64,128,3,0.1,10.0,/home/omo26/Non-Rev-Owen/mcmaze/runs/20260729_173743_d128_h256_dep2_bs64_ep150_lr5e-04_lxp0.0_lbt0.0_lcca10.0_sig10.0_s3,129,best_val_zeta,0.873154,8.731539999999999,0.455099665456348,0.2288998365,0.005473,/home/omo26/Non-Rev-Owen/mcmaze/odd_plane_fraction_finetune_sweep/logs/odd1_ap64_d128_s3_main.log,/home/omo26/Non-Rev-Owen/mcmaze/odd_plane_fraction_finetune_sweep/logs/odd1_ap64_d128_s3_finetune.log,/home/omo26/Non-Rev-Owen/mcmaze/runs/20260729_173743_d128_h256_dep2_bs64_ep150_lr5e-04_lxp0.0_lbt0.0_lcca10.0_sig10.0_s3/outputs/velocity_prediction_finetune_100ms_hidden/metrics.csv,hidden,256,91.31925201416016,97.62307739257812,94.52481842041016,0.8671795725822449,0.8244628310203552,0.8458212018013,hidden,256,87.31848907470703,92.95848846435547,90.18372344970703,0.8785625696182251,0.8408370018005371,0.8596997857093811
1.0,100.0,64,0,64,128,4,0.1,10.0,/home/omo26/Non-Rev-Owen/mcmaze/runs/20260729_174237_d128_h256_dep2_bs64_ep150_lr5e-04_lxp0.0_lbt0.0_lcca10.0_sig10.0_s4,130,best_val_zeta,0.879195,8.79195,0.44092637962765163,0.2113548815,0.004707,/home/omo26/Non-Rev-Owen/mcmaze/odd_plane_fraction_finetune_sweep/logs/odd1_ap64_d128_s4_main.log,/home/omo26/Non-Rev-Owen/mcmaze/odd_plane_fraction_finetune_sweep/logs/odd1_ap64_d128_s4_finetune.log,/home/omo26/Non-Rev-Owen/mcmaze/runs/20260729_174237_d128_h256_dep2_bs64_ep150_lr5e-04_lxp0.0_lbt0.0_lcca10.0_sig10.0_s4/outputs/velocity_prediction_finetune_100ms_hidden/metrics.csv,hidden,256,91.80929565429688,95.73748779296875,93.79497528076172,0.8671985864639282,0.8260369300842285,0.8466177582740784,hidden,256,88.57098388671875,91.93462371826172,90.26948547363281,0.8764017820358276,0.8395826816558838,0.8579922318458557
0.0,0.0,0,64,64,128,4,0.1,10.0,/home/omo26/Non-Rev-Owen/mcmaze/runs/20260729_174913_d128_h256_dep2_bs64_ep150_lr5e-04_lxp0.0_lbt0.0_lcca10.0_sig10.0_s4,133,best_val_zeta,0.897315,8.97315,0.41243668728404576,0.2922208607,0.017054,/home/omo26/Non-Rev-Owen/mcmaze/odd_plane_fraction_finetune_sweep/logs/odd0_ap0_d128_s4_main.log,/home/omo26/Non-Rev-Owen/mcmaze/odd_plane_fraction_finetune_sweep/logs/odd0_ap0_d128_s4_finetune.log,/home/omo26/Non-Rev-Owen/mcmaze/runs/20260729_174913_d128_h256_dep2_bs64_ep150_lr5e-04_lxp0.0_lbt0.0_lcca10.0_sig10.0_s4/outputs/velocity_prediction_finetune_100ms_hidden/metrics.csv,hidden,512,76.2153549194336,81.29963684082031,78.79922485351562,0.9084803462028503,0.8745501041412354,0.8915152549743652,hidden,512,67.92536926269531,73.14202117919922,70.5827407836914,0.9273068904876709,0.8984624147415161,0.9128846526145935
