odd_plane_fraction,antisymmetric_planes,symmetric_planes,dimension,lambda_start_frac,lambda_block_cca,metric,n,mean,ci95_low,ci95_high,ci95_half_width
0.0,0,64,128,0.1,10.0,embedding_val_zeta,5,0.4200669361,0.4112466404,0.4288872319,0.008820295716
0.0,0,64,128,0.1,10.0,embedding_whole_val_regularization_raw,5,0.0207278,0.01403440989,0.02742119011,0.006693390114
0.0,0,64,128,0.1,10.0,checkpoint_regularization_lambda,5,7.451006,4.853261018,10.04875098,2.597744982
0.0,0,64,128,0.1,10.0,frozen_decoder_rmse_x,5,77.30098419,75.61507909,78.98688929,1.6859051
0.0,0,64,128,0.1,10.0,frozen_decoder_rmse_y,5,82.0153595,79.34182635,84.68889264,2.673533144
0.0,0,64,128,0.1,10.0,frozen_decoder_rmse_mean,5,79.69804535,77.7753614,81.6207293,1.922683948
0.0,0,64,128,0.1,10.0,frozen_decoder_r2_x,5,0.9062877774,0.9024308302,0.9101447247,0.003856947243
0.0,0,64,128,0.1,10.0,frozen_decoder_r2_y,5,0.8731585264,0.8669102721,0.8794067808,0.006248254351
0.0,0,64,128,0.1,10.0,frozen_decoder_r2_mean,5,0.8897231579,0.8852607593,0.8941855565,0.004462398585
0.0,0,64,128,0.1,10.0,finetuned_decoder_rmse_x,5,68.82897491,67.69191099,69.96603884,1.137063927
0.0,0,64,128,0.1,10.0,finetuned_decoder_rmse_y,5,73.28605042,71.82076411,74.75133672,1.465286301
0.0,0,64,128,0.1,10.0,finetuned_decoder_rmse_mean,5,71.0962616,70.15106559,72.0414576,0.9451960073
0.0,0,64,128,0.1,10.0,finetuned_decoder_r2_x,5,0.9256916523,0.9224648194,0.9289184852,0.003226832913
0.0,0,64,128,0.1,10.0,finetuned_decoder_r2_y,5,0.8987375855,0.8964421249,0.9010330461,0.002295460599
0.0,0,64,128,0.1,10.0,finetuned_decoder_r2_mean,5,0.9122146249,0.9100858134,0.9143434364,0.00212881151
0.25,16,48,128,0.1,10.0,embedding_val_zeta,5,0.4442407191,0.4262733752,0.462208063,0.01796734391
0.25,16,48,128,0.1,10.0,embedding_whole_val_regularization_raw,5,0.0237958,0.01610894964,0.03148265036,0.007686850364
0.25,16,48,128,0.1,10.0,checkpoint_regularization_lambda,5,5.868456,3.905096335,7.831815665,1.963359665
0.25,16,48,128,0.1,10.0,frozen_decoder_rmse_x,5,74.94563751,71.74585838,78.14541664,3.199779128
0.25,16,48,128,0.1,10.0,frozen_decoder_rmse_y,5,79.64460297,76.57398057,82.71522537,3.070622399
0.25,16,48,128,0.1,10.0,frozen_decoder_rmse_mean,5,77.33515167,74.37560359,80.29469975,2.959548078
0.25,16,48,128,0.1,10.0,frozen_decoder_r2_x,5,0.9118070006,0.9034190361,0.9201949651,0.008387964505
0.25,16,48,128,0.1,10.0,frozen_decoder_r2_y,5,0.8803019643,0.8710996088,0.8895043198,0.009202355476
0.25,16,48,128,0.1,10.0,frozen_decoder_r2_mean,5,0.8960544825,0.8876563789,0.904452586,0.008398103552
0.25,16,48,128,0.1,10.0,finetuned_decoder_rmse_x,5,68.25728455,65.97882803,70.53574106,2.278456514
0.25,16,48,128,0.1,10.0,finetuned_decoder_rmse_y,5,73.66914825,71.84991647,75.48838004,1.819231784
0.25,16,48,128,0.1,10.0,finetuned_decoder_rmse_mean,5,71.0197403,69.2502776,72.78920299,1.769462692
0.25,16,48,128,0.1,10.0,finetuned_decoder_r2_x,5,0.9268761396,0.9212256152,0.9325266641,0.005650524412
0.25,16,48,128,0.1,10.0,finetuned_decoder_r2_y,5,0.8976627946,0.8937825497,0.9015430394,0.003880244852
0.25,16,48,128,0.1,10.0,finetuned_decoder_r2_mean,5,0.9122694612,0.9078009758,0.9167379465,0.004468485308
0.5,32,32,128,0.1,10.0,embedding_val_zeta,5,0.4683750431,0.4513577433,0.4853923428,0.01701729976
0.5,32,32,128,0.1,10.0,embedding_whole_val_regularization_raw,5,0.015403,0.0117465486,0.0190594514,0.003656451396
0.5,32,32,128,0.1,10.0,checkpoint_regularization_lambda,5,6.991946,5.377790313,8.606101687,1.614155687
0.5,32,32,128,0.1,10.0,frozen_decoder_rmse_x,5,73.82760162,73.06156563,74.59363762,0.7660359971
0.5,32,32,128,0.1,10.0,frozen_decoder_rmse_y,5,78.94694824,77.32074747,80.57314901,1.626200768
0.5,32,32,128,0.1,10.0,frozen_decoder_rmse_mean,5,76.43406372,75.62251299,77.24561446,0.8115507343
0.5,32,32,128,0.1,10.0,frozen_decoder_r2_x,5,0.9145135164,0.9115254854,0.9175015475,0.002988031049
0.5,32,32,128,0.1,10.0,frozen_decoder_r2_y,5,0.8824701071,0.878364245,0.8865759692,0.004105862098
0.5,32,32,128,0.1,10.0,frozen_decoder_r2_mean,5,0.8984918118,0.895725785,0.9012578385,0.002766026708
0.5,32,32,128,0.1,10.0,finetuned_decoder_rmse_x,5,68.7025589,67.01046954,70.39464826,1.692089364
0.5,32,32,128,0.1,10.0,finetuned_decoder_rmse_y,5,73.19939575,72.13241557,74.26637593,1.066980181
0.5,32,32,128,0.1,10.0,finetuned_decoder_rmse_mean,5,70.9900589,69.86592137,72.11419643,1.124137528
0.5,32,32,128,0.1,10.0,finetuned_decoder_r2_x,5,0.9259362817,0.9212808842,0.9305916792,0.00465539747
0.5,32,32,128,0.1,10.0,finetuned_decoder_r2_y,5,0.8989760399,0.8976384329,0.9003136469,0.001337606983
0.5,32,32,128,0.1,10.0,finetuned_decoder_r2_mean,5,0.9124561548,0.9099090212,0.9150032884,0.002547133588
0.75,48,16,128,0.1,10.0,embedding_val_zeta,5,0.4675893399,0.4256559086,0.5095227713,0.04193343134
0.75,48,16,128,0.1,10.0,embedding_whole_val_regularization_raw,5,0.0095126,0.005018493633,0.01400670637,0.004494106367
0.75,48,16,128,0.1,10.0,checkpoint_regularization_lambda,5,5.856376,4.057472262,7.655279738,1.798903738
0.75,48,16,128,0.1,10.0,frozen_decoder_rmse_x,5,75.55438232,74.45690072,76.65186392,1.0974816
0.75,48,16,128,0.1,10.0,frozen_decoder_rmse_y,5,80.72965393,79.3675062,82.09180166,1.362147734
0.75,48,16,128,0.1,10.0,frozen_decoder_rmse_mean,5,78.18906555,77.49123596,78.88689514,0.6978295879
0.75,48,16,128,0.1,10.0,frozen_decoder_r2_x,5,0.9104866147,0.9082255451,0.9127476843,0.002261069645
0.75,48,16,128,0.1,10.0,frozen_decoder_r2_y,5,0.8770478606,0.8707200777,0.8833756436,0.006327782938
0.75,48,16,128,0.1,10.0,frozen_decoder_r2_mean,5,0.8937672377,0.8906119886,0.8969224868,0.003155249109
0.75,48,16,128,0.1,10.0,finetuned_decoder_rmse_x,5,69.20684052,67.96779995,70.44588108,1.239040565
0.75,48,16,128,0.1,10.0,finetuned_decoder_rmse_y,5,74.45461731,73.43619894,75.47303568,1.018418371
0.75,48,16,128,0.1,10.0,finetuned_decoder_rmse_mean,5,71.88306122,71.35211005,72.41401239,0.5309511682
0.75,48,16,128,0.1,10.0,finetuned_decoder_r2_x,5,0.9248682737,0.9213149049,0.9284216425,0.003553368794
0.75,48,16,128,0.1,10.0,finetuned_decoder_r2_y,5,0.8954587698,0.8922107398,0.8987067998,0.003248029996
0.75,48,16,128,0.1,10.0,finetuned_decoder_r2_mean,5,0.9101635337,0.9085737629,0.9117533045,0.001589770826
1.0,64,0,128,0.1,10.0,embedding_val_zeta,5,0.4444205834,0.4340437418,0.4547974249,0.01037684157
1.0,64,0,128,0.1,10.0,embedding_whole_val_regularization_raw,5,0.004718,0.004071563917,0.005364436083,0.0006464360833
1.0,64,0,128,0.1,10.0,checkpoint_regularization_lambda,5,9.118122,8.698523776,9.537720224,0.4195982239
1.0,64,0,128,0.1,10.0,frozen_decoder_rmse_x,5,90.67679443,89.57704064,91.77654823,1.099753795
1.0,64,0,128,0.1,10.0,frozen_decoder_rmse_y,5,97.50272064,96.19694206,98.80849923,1.305778586
1.0,64,0,128,0.1,10.0,frozen_decoder_rmse_mean,5,94.15608826,93.715899,94.59627751,0.440189257
1.0,64,0,128,0.1,10.0,frozen_decoder_r2_x,5,0.871041894,0.8664165888,0.8756671991,0.004625305176
1.0,64,0,128,0.1,10.0,frozen_decoder_r2_y,5,0.8207156897,0.8150655531,0.8263658262,0.005650136575
1.0,64,0,128,0.1,10.0,frozen_decoder_r2_mean,5,0.8458788037,0.844184393,0.8475732144,0.001694410681
1.0,64,0,128,0.1,10.0,finetuned_decoder_rmse_x,5,86.77580719,85.21192424,88.33969014,1.563882952
1.0,64,0,128,0.1,10.0,finetuned_decoder_rmse_y,5,92.89632568,91.98216175,93.81048962,0.9141639315
1.0,64,0,128,0.1,10.0,finetuned_decoder_rmse_mean,5,89.8934494,89.4585785,90.32832031,0.4348709052
1.0,64,0,128,0.1,10.0,finetuned_decoder_r2_x,5,0.8818747401,0.8760644819,0.8876849983,0.00581025821
1.0,64,0,128,0.1,10.0,finetuned_decoder_r2_y,5,0.8372651339,0.83326566,0.8412646077,0.003999473854
1.0,64,0,128,0.1,10.0,finetuned_decoder_r2_mean,5,0.859569943,0.8576958697,0.8614440162,0.001874073281
