dimension,seed,lambda_start_frac,lambda_block_cca,run_dir,saved_checkpoint_epoch,checkpoint_selection,checkpoint_lambda_scale,checkpoint_regularization_lambda,embedding_val_zeta,embedding_whole_val_regularization_raw,train_log,finetune_log,finetune_metrics,frozen_decoder_feature_layer,frozen_decoder_feature_dim,frozen_decoder_rmse_x,frozen_decoder_rmse_y,frozen_decoder_rmse_mean,frozen_decoder_r2_x,frozen_decoder_r2_y,frozen_decoder_r2_mean,finetuned_decoder_feature_layer,finetuned_decoder_feature_dim,finetuned_decoder_rmse_x,finetuned_decoder_rmse_y,finetuned_decoder_rmse_mean,finetuned_decoder_r2_x,finetuned_decoder_r2_y,finetuned_decoder_r2_mean
32,0,0.1,10.0,/home/omo26/Non-Rev-Owen/mcmaze/runs/20260728_171921_d32_h256_dep2_bs64_ep150_lr5e-04_lxp0.0_lbt0.0_lcca10.0_sig10.0_s0,49,best_val_zeta,0.389933,3.89933,0.4544508523411221,0.004321,/home/omo26/Non-Rev-Owen/mcmaze/dim_train_finetune_sweep/logs/d32_s0_main.log,/home/omo26/Non-Rev-Owen/mcmaze/dim_train_finetune_sweep/logs/d32_s0_finetune.log,/home/omo26/Non-Rev-Owen/mcmaze/runs/20260728_171921_d32_h256_dep2_bs64_ep150_lr5e-04_lxp0.0_lbt0.0_lcca10.0_sig10.0_s0/outputs/velocity_prediction_finetune_100ms_hidden/metrics.csv,hidden,512,79.86312866210938,83.50332641601562,81.70427703857422,0.9031708836555481,0.870000958442688,0.8865859508514404,hidden,512,71.27998352050781,77.01842498779297,74.20570373535156,0.9228655695915222,0.8894084692001343,0.9061369895935059
32,1,0.1,10.0,/home/omo26/Non-Rev-Owen/mcmaze/runs/20260728_172226_d32_h256_dep2_bs64_ep150_lr5e-04_lxp0.0_lbt0.0_lcca10.0_sig10.0_s1,26,best_val_zeta,0.251007,2.51007,0.4437132610215081,0.009973,/home/omo26/Non-Rev-Owen/mcmaze/dim_train_finetune_sweep/logs/d32_s1_main.log,/home/omo26/Non-Rev-Owen/mcmaze/dim_train_finetune_sweep/logs/d32_s1_finetune.log,/home/omo26/Non-Rev-Owen/mcmaze/runs/20260728_172226_d32_h256_dep2_bs64_ep150_lr5e-04_lxp0.0_lbt0.0_lcca10.0_sig10.0_s1/outputs/velocity_prediction_finetune_100ms_hidden/metrics.csv,hidden,512,84.01486206054688,85.0400161743164,84.52982330322266,0.8888755440711975,0.8622705340385437,0.8755730390548706,hidden,512,73.85912322998047,77.25180053710938,75.575439453125,0.9141172766685486,0.8863427042961121,0.9002299904823303
32,2,0.1,10.0,/home/omo26/Non-Rev-Owen/mcmaze/runs/20260728_172531_d32_h256_dep2_bs64_ep150_lr5e-04_lxp0.0_lbt0.0_lcca10.0_sig10.0_s2,37,best_val_zeta,0.317450,3.1745,0.4487889077928331,0.005990,/home/omo26/Non-Rev-Owen/mcmaze/dim_train_finetune_sweep/logs/d32_s2_main.log,/home/omo26/Non-Rev-Owen/mcmaze/dim_train_finetune_sweep/logs/d32_s2_finetune.log,/home/omo26/Non-Rev-Owen/mcmaze/runs/20260728_172531_d32_h256_dep2_bs64_ep150_lr5e-04_lxp0.0_lbt0.0_lcca10.0_sig10.0_s2/outputs/velocity_prediction_finetune_100ms_hidden/metrics.csv,hidden,512,79.9798355102539,86.04730224609375,83.06986999511719,0.8989110589027405,0.8578349351882935,0.8783730268478394,hidden,512,70.56058502197266,75.74749755859375,73.20089721679688,0.9213195443153381,0.8898321390151978,0.9055758714675903
32,3,0.1,10.0,/home/omo26/Non-Rev-Owen/mcmaze/runs/20260728_173104_d32_h256_dep2_bs64_ep150_lr5e-04_lxp0.0_lbt0.0_lcca10.0_sig10.0_s3,38,best_val_zeta,0.323490,3.2349,0.39504507515165543,0.007891,/home/omo26/Non-Rev-Owen/mcmaze/dim_train_finetune_sweep/logs/d32_s3_main.log,/home/omo26/Non-Rev-Owen/mcmaze/dim_train_finetune_sweep/logs/d32_s3_finetune.log,/home/omo26/Non-Rev-Owen/mcmaze/runs/20260728_173104_d32_h256_dep2_bs64_ep150_lr5e-04_lxp0.0_lbt0.0_lcca10.0_sig10.0_s3/outputs/velocity_prediction_finetune_100ms_hidden/metrics.csv,hidden,512,78.45899200439453,83.5073013305664,81.02328491210938,0.9019549489021301,0.871556282043457,0.8867555856704712,hidden,512,70.64958190917969,75.43714141845703,73.0834732055664,0.9205014109611511,0.8951823115348816,0.9078418612480164
32,4,0.1,10.0,/home/omo26/Non-Rev-Owen/mcmaze/runs/20260728_173659_d32_h256_dep2_bs64_ep150_lr5e-04_lxp0.0_lbt0.0_lcca10.0_sig10.0_s4,33,best_val_zeta,0.293289,2.9328900000000004,0.4667154782348209,0.010202,/home/omo26/Non-Rev-Owen/mcmaze/dim_train_finetune_sweep/logs/d32_s4_main.log,/home/omo26/Non-Rev-Owen/mcmaze/dim_train_finetune_sweep/logs/d32_s4_finetune.log,/home/omo26/Non-Rev-Owen/mcmaze/runs/20260728_173659_d32_h256_dep2_bs64_ep150_lr5e-04_lxp0.0_lbt0.0_lcca10.0_sig10.0_s4/outputs/velocity_prediction_finetune_100ms_hidden/metrics.csv,hidden,512,81.18892669677734,84.78091430664062,83.00518798828125,0.8961460590362549,0.8635764718055725,0.8798612356185913,hidden,512,70.92058563232422,75.51688385009766,73.25559997558594,0.920754611492157,0.8917616605758667,0.9062581062316895
64,0,0.1,10.0,/home/omo26/Non-Rev-Owen/mcmaze/runs/20260728_174243_d64_h256_dep2_bs64_ep150_lr5e-04_lxp0.0_lbt0.0_lcca10.0_sig10.0_s0,46,best_val_zeta,0.371812,3.71812,0.49090079466501874,0.016718,/home/omo26/Non-Rev-Owen/mcmaze/dim_train_finetune_sweep/logs/d64_s0_main.log,/home/omo26/Non-Rev-Owen/mcmaze/dim_train_finetune_sweep/logs/d64_s0_finetune.log,/home/omo26/Non-Rev-Owen/mcmaze/runs/20260728_174243_d64_h256_dep2_bs64_ep150_lr5e-04_lxp0.0_lbt0.0_lcca10.0_sig10.0_s0/outputs/velocity_prediction_finetune_100ms_hidden/metrics.csv,hidden,512,79.26922607421875,82.67501831054688,80.99080657958984,0.9046056866645813,0.8725671768188477,0.8885864019393921,hidden,512,70.25597381591797,76.00801086425781,73.18951416015625,0.9250658750534058,0.8922911882400513,0.9086785316467285
64,1,0.1,10.0,/home/omo26/Non-Rev-Owen/mcmaze/runs/20260728_174621_d64_h256_dep2_bs64_ep150_lr5e-04_lxp0.0_lbt0.0_lcca10.0_sig10.0_s1,86,best_val_zeta,0.613423,6.1342300000000005,0.5136568976773156,0.008639,/home/omo26/Non-Rev-Owen/mcmaze/dim_train_finetune_sweep/logs/d64_s1_main.log,/home/omo26/Non-Rev-Owen/mcmaze/dim_train_finetune_sweep/logs/d64_s1_finetune.log,/home/omo26/Non-Rev-Owen/mcmaze/runs/20260728_174621_d64_h256_dep2_bs64_ep150_lr5e-04_lxp0.0_lbt0.0_lcca10.0_sig10.0_s1/outputs/velocity_prediction_finetune_100ms_hidden/metrics.csv,hidden,512,78.02965545654297,80.3271713256836,79.18732452392578,0.9041445255279541,0.8771132230758667,0.8906288743019104,hidden,512,72.37387084960938,73.78707122802734,73.08464050292969,0.9175366163253784,0.8963090777397156,0.9069228172302246
64,2,0.1,10.0,/home/omo26/Non-Rev-Owen/mcmaze/runs/20260728_175153_d64_h256_dep2_bs64_ep150_lr5e-04_lxp0.0_lbt0.0_lcca10.0_sig10.0_s2,93,best_val_zeta,0.655705,6.55705,0.49501921402083504,0.008439,/home/omo26/Non-Rev-Owen/mcmaze/dim_train_finetune_sweep/logs/d64_s2_main.log,/home/omo26/Non-Rev-Owen/mcmaze/dim_train_finetune_sweep/logs/d64_s2_finetune.log,/home/omo26/Non-Rev-Owen/mcmaze/runs/20260728_175153_d64_h256_dep2_bs64_ep150_lr5e-04_lxp0.0_lbt0.0_lcca10.0_sig10.0_s2/outputs/velocity_prediction_finetune_100ms_hidden/metrics.csv,hidden,512,73.63665771484375,79.59679412841797,76.6754379272461,0.9143098592758179,0.8783507347106934,0.8963302969932556,hidden,512,68.47599029541016,73.9247055053711,71.25326538085938,0.9258998036384583,0.8950705528259277,0.9104851484298706
64,3,0.1,10.0,/home/omo26/Non-Rev-Owen/mcmaze/runs/20260728_175758_d64_h256_dep2_bs64_ep150_lr5e-04_lxp0.0_lbt0.0_lcca10.0_sig10.0_s3,97,best_val_zeta,0.679866,6.79866,0.48758287231127423,0.006639,/home/omo26/Non-Rev-Owen/mcmaze/dim_train_finetune_sweep/logs/d64_s3_main.log,/home/omo26/Non-Rev-Owen/mcmaze/dim_train_finetune_sweep/logs/d64_s3_finetune.log,/home/omo26/Non-Rev-Owen/mcmaze/runs/20260728_175758_d64_h256_dep2_bs64_ep150_lr5e-04_lxp0.0_lbt0.0_lcca10.0_sig10.0_s3/outputs/velocity_prediction_finetune_100ms_hidden/metrics.csv,hidden,512,74.08173370361328,81.10095977783203,77.67144012451172,0.9125897288322449,0.8788520693778992,0.895720899105072,hidden,512,67.05494689941406,74.55068969726562,70.90287017822266,0.9283853769302368,0.8976312279701233,0.9130083322525024
64,4,0.1,10.0,/home/omo26/Non-Rev-Owen/mcmaze/runs/20260728_180358_d64_h256_dep2_bs64_ep150_lr5e-04_lxp0.0_lbt0.0_lcca10.0_sig10.0_s4,78,best_val_zeta,0.565101,5.651009999999999,0.4670661555396186,0.009625,/home/omo26/Non-Rev-Owen/mcmaze/dim_train_finetune_sweep/logs/d64_s4_main.log,/home/omo26/Non-Rev-Owen/mcmaze/dim_train_finetune_sweep/logs/d64_s4_finetune.log,/home/omo26/Non-Rev-Owen/mcmaze/runs/20260728_180358_d64_h256_dep2_bs64_ep150_lr5e-04_lxp0.0_lbt0.0_lcca10.0_sig10.0_s4/outputs/velocity_prediction_finetune_100ms_hidden/metrics.csv,hidden,512,80.43376159667969,83.64054107666016,82.05351257324219,0.8980690240859985,0.8672218322753906,0.8826454281806946,hidden,512,71.4589614868164,75.50215911865234,73.5092544555664,0.919546902179718,0.8918038606643677,0.9056754112243652
128,0,0.1,10.0,/home/omo26/Non-Rev-Owen/mcmaze/runs/20260728_181001_d128_h256_dep2_bs64_ep150_lr5e-04_lxp0.0_lbt0.0_lcca10.0_sig10.0_s0,99,best_val_zeta,0.691946,6.919459999999999,0.482837223344379,0.015613,/home/omo26/Non-Rev-Owen/mcmaze/dim_train_finetune_sweep/logs/d128_s0_main.log,/home/omo26/Non-Rev-Owen/mcmaze/dim_train_finetune_sweep/logs/d128_s0_finetune.log,/home/omo26/Non-Rev-Owen/mcmaze/runs/20260728_181001_d128_h256_dep2_bs64_ep150_lr5e-04_lxp0.0_lbt0.0_lcca10.0_sig10.0_s0/outputs/velocity_prediction_finetune_100ms_hidden/metrics.csv,hidden,512,73.3281478881836,78.57363891601562,75.99681854248047,0.9183691143989563,0.8848971128463745,0.9016331434249878,hidden,512,67.46463012695312,73.91188049316406,70.76245880126953,0.9309020042419434,0.8981499671936035,0.9145259857177734
128,1,0.1,10.0,/home/omo26/Non-Rev-Owen/mcmaze/runs/20260728_181601_d128_h256_dep2_bs64_ep150_lr5e-04_lxp0.0_lbt0.0_lcca10.0_sig10.0_s1,137,best_val_zeta,0.921477,9.21477,0.453517218430837,0.010304,/home/omo26/Non-Rev-Owen/mcmaze/dim_train_finetune_sweep/logs/d128_s1_main.log,/home/omo26/Non-Rev-Owen/mcmaze/dim_train_finetune_sweep/logs/d128_s1_finetune.log,/home/omo26/Non-Rev-Owen/mcmaze/runs/20260728_181601_d128_h256_dep2_bs64_ep150_lr5e-04_lxp0.0_lbt0.0_lcca10.0_sig10.0_s1/outputs/velocity_prediction_finetune_100ms_hidden/metrics.csv,hidden,512,74.86183166503906,77.69491577148438,76.29218292236328,0.9117695689201355,0.8850350975990295,0.8984023332595825,hidden,512,69.9382553100586,72.81291961669922,71.39079284667969,0.922993540763855,0.8990288972854614,0.9110112190246582
128,2,0.1,10.0,/home/omo26/Non-Rev-Owen/mcmaze/runs/20260728_182159_d128_h256_dep2_bs64_ep150_lr5e-04_lxp0.0_lbt0.0_lcca10.0_sig10.0_s2,83,best_val_zeta,0.595302,5.95302,0.45663486255539787,0.017492,/home/omo26/Non-Rev-Owen/mcmaze/dim_train_finetune_sweep/logs/d128_s2_main.log,/home/omo26/Non-Rev-Owen/mcmaze/dim_train_finetune_sweep/logs/d128_s2_finetune.log,/home/omo26/Non-Rev-Owen/mcmaze/runs/20260728_182159_d128_h256_dep2_bs64_ep150_lr5e-04_lxp0.0_lbt0.0_lcca10.0_sig10.0_s2/outputs/velocity_prediction_finetune_100ms_hidden/metrics.csv,hidden,512,73.49861907958984,77.80839538574219,75.68482971191406,0.9146308302879333,0.8837558031082153,0.899193286895752,hidden,512,67.0045394897461,71.92725372314453,69.51016998291016,0.9290502071380615,0.9006643295288086,0.9148572683334351
128,3,0.1,10.0,/home/omo26/Non-Rev-Owen/mcmaze/runs/20260728_183848_d128_h256_dep2_bs64_ep150_lr5e-04_lxp0.0_lbt0.0_lcca10.0_sig10.0_s3,95,best_val_zeta,0.667785,6.677849999999999,0.4818575878938039,0.017227,/home/omo26/Non-Rev-Owen/mcmaze/dim_train_finetune_sweep/logs/d128_s3_main.log,/home/omo26/Non-Rev-Owen/mcmaze/dim_train_finetune_sweep/logs/d128_s3_finetune.log,/home/omo26/Non-Rev-Owen/mcmaze/runs/20260728_183848_d128_h256_dep2_bs64_ep150_lr5e-04_lxp0.0_lbt0.0_lcca10.0_sig10.0_s3/outputs/velocity_prediction_finetune_100ms_hidden/metrics.csv,hidden,512,73.5323715209961,80.19033813476562,76.9341812133789,0.9138813018798828,0.8815573453903198,0.8977193236351013,hidden,512,69.41065979003906,74.01213836669922,71.74915313720703,0.9232651591300964,0.8991049528121948,0.9111850261688232
128,4,0.1,10.0,/home/omo26/Non-Rev-Owen/mcmaze/runs/20260728_184213_d128_h256_dep2_bs64_ep150_lr5e-04_lxp0.0_lbt0.0_lcca10.0_sig10.0_s4,87,best_val_zeta,0.619463,6.19463,0.467028323147032,0.016379,/home/omo26/Non-Rev-Owen/mcmaze/dim_train_finetune_sweep/logs/d128_s4_main.log,/home/omo26/Non-Rev-Owen/mcmaze/dim_train_finetune_sweep/logs/d128_s4_finetune.log,/home/omo26/Non-Rev-Owen/mcmaze/runs/20260728_184213_d128_h256_dep2_bs64_ep150_lr5e-04_lxp0.0_lbt0.0_lcca10.0_sig10.0_s4/outputs/velocity_prediction_finetune_100ms_hidden/metrics.csv,hidden,512,73.91703796386719,80.46745300292969,77.2623062133789,0.9139167666435242,0.877105176448822,0.8955109715461731,hidden,512,69.69470977783203,73.3327865600586,71.5377197265625,0.9234704971313477,0.8979320526123047,0.9107012748718262
256,0,0.1,10.0,/home/omo26/Non-Rev-Owen/mcmaze/runs/20260728_184541_d256_h256_dep2_bs64_ep150_lr5e-04_lxp0.0_lbt0.0_lcca10.0_sig10.0_s0,90,best_val_zeta,0.637584,6.37584,0.4326409565077888,0.020915,/home/omo26/Non-Rev-Owen/mcmaze/dim_train_finetune_sweep/logs/d256_s0_main.log,/home/omo26/Non-Rev-Owen/mcmaze/dim_train_finetune_sweep/logs/d256_s0_finetune.log,/home/omo26/Non-Rev-Owen/mcmaze/runs/20260728_184541_d256_h256_dep2_bs64_ep150_lr5e-04_lxp0.0_lbt0.0_lcca10.0_sig10.0_s0/outputs/velocity_prediction_finetune_100ms_hidden/metrics.csv,hidden,512,79.30679321289062,83.40393829345703,81.38206481933594,0.904515266418457,0.8703102469444275,0.8874127864837646,hidden,512,68.68760681152344,76.14896392822266,72.51528930664062,0.9283741116523743,0.8918913006782532,0.9101327061653137
256,1,0.1,10.0,/home/omo26/Non-Rev-Owen/mcmaze/runs/20260728_184941_d256_h256_dep2_bs64_ep150_lr5e-04_lxp0.0_lbt0.0_lcca10.0_sig10.0_s1,99,best_val_zeta,0.691946,6.919459999999999,0.4536077082157135,0.018588,/home/omo26/Non-Rev-Owen/mcmaze/dim_train_finetune_sweep/logs/d256_s1_main.log,/home/omo26/Non-Rev-Owen/mcmaze/dim_train_finetune_sweep/logs/d256_s1_finetune.log,/home/omo26/Non-Rev-Owen/mcmaze/runs/20260728_184941_d256_h256_dep2_bs64_ep150_lr5e-04_lxp0.0_lbt0.0_lcca10.0_sig10.0_s1/outputs/velocity_prediction_finetune_100ms_hidden/metrics.csv,hidden,512,74.26296997070312,78.24623107910156,76.28150177001953,0.9131755828857422,0.8833976984024048,0.8982866406440735,hidden,512,68.01155090332031,73.4103012084961,70.7632064819336,0.9271779656410217,0.8973653316497803,0.9122716188430786
256,2,0.1,10.0,/home/omo26/Non-Rev-Owen/mcmaze/runs/20260728_185341_d256_h256_dep2_bs64_ep150_lr5e-04_lxp0.0_lbt0.0_lcca10.0_sig10.0_s2,90,best_val_zeta,0.637584,6.37584,0.4621208475695716,0.020614,/home/omo26/Non-Rev-Owen/mcmaze/dim_train_finetune_sweep/logs/d256_s2_main.log,/home/omo26/Non-Rev-Owen/mcmaze/dim_train_finetune_sweep/logs/d256_s2_finetune.log,/home/omo26/Non-Rev-Owen/mcmaze/runs/20260728_185341_d256_h256_dep2_bs64_ep150_lr5e-04_lxp0.0_lbt0.0_lcca10.0_sig10.0_s2/outputs/velocity_prediction_finetune_100ms_hidden/metrics.csv,hidden,512,72.12220764160156,78.82408142089844,75.5483169555664,0.9177983403205872,0.8807011842727661,0.899249792098999,hidden,512,66.32621002197266,72.31749725341797,69.38722229003906,0.9304794669151306,0.8995835185050964,0.9150314927101135
256,3,0.1,10.0,/home/omo26/Non-Rev-Owen/mcmaze/runs/20260728_185741_d256_h256_dep2_bs64_ep150_lr5e-04_lxp0.0_lbt0.0_lcca10.0_sig10.0_s3,127,best_val_zeta,0.861074,8.61074,0.44691435164875454,0.014259,/home/omo26/Non-Rev-Owen/mcmaze/dim_train_finetune_sweep/logs/d256_s3_main.log,/home/omo26/Non-Rev-Owen/mcmaze/dim_train_finetune_sweep/logs/d256_s3_finetune.log,/home/omo26/Non-Rev-Owen/mcmaze/runs/20260728_185741_d256_h256_dep2_bs64_ep150_lr5e-04_lxp0.0_lbt0.0_lcca10.0_sig10.0_s3/outputs/velocity_prediction_finetune_100ms_hidden/metrics.csv,hidden,512,71.76031494140625,80.13542175292969,76.06387329101562,0.9179820418357849,0.8817195296287537,0.8998507857322693,hidden,512,67.0125503540039,74.05195617675781,70.62083435058594,0.9284758567810059,0.8989963531494141,0.91373610496521
256,4,0.1,10.0,/home/omo26/Non-Rev-Owen/mcmaze/runs/20260728_190140_d256_h256_dep2_bs64_ep150_lr5e-04_lxp0.0_lbt0.0_lcca10.0_sig10.0_s4,97,best_val_zeta,0.679866,6.79866,0.4712819324599372,0.020489,/home/omo26/Non-Rev-Owen/mcmaze/dim_train_finetune_sweep/logs/d256_s4_main.log,/home/omo26/Non-Rev-Owen/mcmaze/dim_train_finetune_sweep/logs/d256_s4_finetune.log,/home/omo26/Non-Rev-Owen/mcmaze/runs/20260728_190140_d256_h256_dep2_bs64_ep150_lr5e-04_lxp0.0_lbt0.0_lcca10.0_sig10.0_s4/outputs/velocity_prediction_finetune_100ms_hidden/metrics.csv,hidden,512,73.57575988769531,78.51251220703125,76.08505249023438,0.9147098660469055,0.8830040693283081,0.8988569974899292,hidden,512,67.08702087402344,71.55465698242188,69.35749053955078,0.929090142250061,0.9028217792510986,0.9159559607505798
