embedding_dim,decoder_seed,run_name,output_dir,model,embedder_init,feature_layer,feature_dim,flat_feature_dim,decoder_type,accuracy,balanced_accuracy,macro_f1,best_val_acc,best_val_ce,test_accuracy,test_balanced_accuracy,test_macro_f1
32,0,20260720_131605_d32_h256_dep2_bs128_ep50_lr1e-03_lxp0.0_lbt0.0_lcca1.0_sig10.0_s4,physionetmi/synth_runs/20260720_131605_d32_h256_dep2_bs128_ep50_lr1e-03_lxp0.0_lbt0.0_lcca1.0_sig10.0_s4/outputs/condition_prediction_finetune_dim32_seed0_hidden,finetuned_temporal_conv,pretrained,hidden,256,204800,temporal_conv,0.25857519788918204,0.25,0.10272536687631027,0.25857519788918204,1.3859532078107197,0.24888888888888888,0.25,0.099644128113879
32,0,20260720_131605_d32_h256_dep2_bs128_ep50_lr1e-03_lxp0.0_lbt0.0_lcca1.0_sig10.0_s4,physionetmi/synth_runs/20260720_131605_d32_h256_dep2_bs128_ep50_lr1e-03_lxp0.0_lbt0.0_lcca1.0_sig10.0_s4/outputs/condition_prediction_finetune_dim32_seed0_hidden,frozen_temporal_conv,pretrained,hidden,256,204800,temporal_conv,0.25857519788918204,0.25,0.10272536687631027,0.2585752010345459,1.3860499858856201,0.25555555555555554,0.25,0.10176991150442478
32,1,20260720_131605_d32_h256_dep2_bs128_ep50_lr1e-03_lxp0.0_lbt0.0_lcca1.0_sig10.0_s4,physionetmi/synth_runs/20260720_131605_d32_h256_dep2_bs128_ep50_lr1e-03_lxp0.0_lbt0.0_lcca1.0_sig10.0_s4/outputs/condition_prediction_finetune_dim32_seed1_hidden,finetuned_temporal_conv,pretrained,hidden,256,204800,temporal_conv,0.25857519788918204,0.25,0.10272536687631027,0.25857519788918204,1.3859241207440693,0.25555555555555554,0.25,0.10176991150442478
32,1,20260720_131605_d32_h256_dep2_bs128_ep50_lr1e-03_lxp0.0_lbt0.0_lcca1.0_sig10.0_s4,physionetmi/synth_runs/20260720_131605_d32_h256_dep2_bs128_ep50_lr1e-03_lxp0.0_lbt0.0_lcca1.0_sig10.0_s4/outputs/condition_prediction_finetune_dim32_seed1_hidden,frozen_temporal_conv,pretrained,hidden,256,204800,temporal_conv,0.25857519788918204,0.25,0.10272536687631027,0.2585752010345459,1.3859577178955078,0.24888888888888888,0.25,0.099644128113879
32,2,20260720_131605_d32_h256_dep2_bs128_ep50_lr1e-03_lxp0.0_lbt0.0_lcca1.0_sig10.0_s4,physionetmi/synth_runs/20260720_131605_d32_h256_dep2_bs128_ep50_lr1e-03_lxp0.0_lbt0.0_lcca1.0_sig10.0_s4/outputs/condition_prediction_finetune_dim32_seed2_hidden,finetuned_temporal_conv,pretrained,hidden,256,204800,temporal_conv,0.25857519788918204,0.25,0.10272536687631027,0.25857519788918204,1.3856372733910878,0.25555555555555554,0.25,0.10176991150442478
32,2,20260720_131605_d32_h256_dep2_bs128_ep50_lr1e-03_lxp0.0_lbt0.0_lcca1.0_sig10.0_s4,physionetmi/synth_runs/20260720_131605_d32_h256_dep2_bs128_ep50_lr1e-03_lxp0.0_lbt0.0_lcca1.0_sig10.0_s4/outputs/condition_prediction_finetune_dim32_seed2_hidden,frozen_temporal_conv,pretrained,hidden,256,204800,temporal_conv,0.25857519788918204,0.25,0.10272536687631027,0.2585752010345459,1.3859220743179321,0.25555555555555554,0.25,0.10176991150442478
32,3,20260720_131605_d32_h256_dep2_bs128_ep50_lr1e-03_lxp0.0_lbt0.0_lcca1.0_sig10.0_s4,physionetmi/synth_runs/20260720_131605_d32_h256_dep2_bs128_ep50_lr1e-03_lxp0.0_lbt0.0_lcca1.0_sig10.0_s4/outputs/condition_prediction_finetune_dim32_seed3_hidden,finetuned_temporal_conv,pretrained,hidden,256,204800,temporal_conv,0.25857519788918204,0.25,0.10272536687631027,0.25857519788918204,1.3859483400980632,0.25555555555555554,0.25,0.10176991150442478
32,3,20260720_131605_d32_h256_dep2_bs128_ep50_lr1e-03_lxp0.0_lbt0.0_lcca1.0_sig10.0_s4,physionetmi/synth_runs/20260720_131605_d32_h256_dep2_bs128_ep50_lr1e-03_lxp0.0_lbt0.0_lcca1.0_sig10.0_s4/outputs/condition_prediction_finetune_dim32_seed3_hidden,frozen_temporal_conv,pretrained,hidden,256,204800,temporal_conv,0.2638522427440633,0.2590661473619548,0.17495074092804547,0.26385223865509033,1.3877824544906616,0.26,0.2619756349844845,0.1771552968104692
32,4,20260720_131605_d32_h256_dep2_bs128_ep50_lr1e-03_lxp0.0_lbt0.0_lcca1.0_sig10.0_s4,physionetmi/synth_runs/20260720_131605_d32_h256_dep2_bs128_ep50_lr1e-03_lxp0.0_lbt0.0_lcca1.0_sig10.0_s4/outputs/condition_prediction_finetune_dim32_seed4_hidden,finetuned_temporal_conv,pretrained,hidden,256,204800,temporal_conv,0.25857519788918204,0.25,0.10272536687631027,0.25857519788918204,1.3858865300814311,0.25555555555555554,0.25,0.10176991150442478
32,4,20260720_131605_d32_h256_dep2_bs128_ep50_lr1e-03_lxp0.0_lbt0.0_lcca1.0_sig10.0_s4,physionetmi/synth_runs/20260720_131605_d32_h256_dep2_bs128_ep50_lr1e-03_lxp0.0_lbt0.0_lcca1.0_sig10.0_s4/outputs/condition_prediction_finetune_dim32_seed4_hidden,frozen_temporal_conv,pretrained,hidden,256,204800,temporal_conv,0.2612137203166227,0.2535812401883831,0.13284757179426826,0.2612137198448181,1.3893221616744995,0.25555555555555554,0.2572875494071146,0.1522880292245799
64,0,20260720_132050_d64_h256_dep2_bs128_ep50_lr1e-03_lxp0.0_lbt0.0_lcca1.0_sig10.0_s4,physionetmi/synth_runs/20260720_132050_d64_h256_dep2_bs128_ep50_lr1e-03_lxp0.0_lbt0.0_lcca1.0_sig10.0_s4/outputs/condition_prediction_finetune_dim64_seed0_hidden,finetuned_temporal_conv,pretrained,hidden,256,204800,temporal_conv,0.25857519788918204,0.25,0.10272536687631027,0.25857519788918204,1.3861325979232788,0.25555555555555554,0.25,0.10176991150442478
64,0,20260720_132050_d64_h256_dep2_bs128_ep50_lr1e-03_lxp0.0_lbt0.0_lcca1.0_sig10.0_s4,physionetmi/synth_runs/20260720_132050_d64_h256_dep2_bs128_ep50_lr1e-03_lxp0.0_lbt0.0_lcca1.0_sig10.0_s4/outputs/condition_prediction_finetune_dim64_seed0_hidden,frozen_temporal_conv,pretrained,hidden,256,204800,temporal_conv,0.3687335092348285,0.37186988089550205,0.3560492801908215,0.3687335252761841,1.5738567113876343,0.32,0.31940231757469156,0.3036055192192826
64,1,20260720_132050_d64_h256_dep2_bs128_ep50_lr1e-03_lxp0.0_lbt0.0_lcca1.0_sig10.0_s4,physionetmi/synth_runs/20260720_132050_d64_h256_dep2_bs128_ep50_lr1e-03_lxp0.0_lbt0.0_lcca1.0_sig10.0_s4/outputs/condition_prediction_finetune_dim64_seed1_hidden,finetuned_temporal_conv,pretrained,hidden,256,204800,temporal_conv,0.25857519788918204,0.25,0.10272536687631027,0.25857519788918204,1.3858194003502529,0.24888888888888888,0.25,0.099644128113879
64,1,20260720_132050_d64_h256_dep2_bs128_ep50_lr1e-03_lxp0.0_lbt0.0_lcca1.0_sig10.0_s4,physionetmi/synth_runs/20260720_132050_d64_h256_dep2_bs128_ep50_lr1e-03_lxp0.0_lbt0.0_lcca1.0_sig10.0_s4/outputs/condition_prediction_finetune_dim64_seed1_hidden,frozen_temporal_conv,pretrained,hidden,256,204800,temporal_conv,0.25857519788918204,0.25,0.10272536687631027,0.2585752010345459,1.3860024213790894,0.24888888888888888,0.25,0.099644128113879
64,2,20260720_132050_d64_h256_dep2_bs128_ep50_lr1e-03_lxp0.0_lbt0.0_lcca1.0_sig10.0_s4,physionetmi/synth_runs/20260720_132050_d64_h256_dep2_bs128_ep50_lr1e-03_lxp0.0_lbt0.0_lcca1.0_sig10.0_s4/outputs/condition_prediction_finetune_dim64_seed2_hidden,finetuned_temporal_conv,pretrained,hidden,256,204800,temporal_conv,0.25857519788918204,0.25,0.10272536687631027,0.25857519788918204,1.385814294219017,0.25555555555555554,0.25,0.10176991150442478
64,2,20260720_132050_d64_h256_dep2_bs128_ep50_lr1e-03_lxp0.0_lbt0.0_lcca1.0_sig10.0_s4,physionetmi/synth_runs/20260720_132050_d64_h256_dep2_bs128_ep50_lr1e-03_lxp0.0_lbt0.0_lcca1.0_sig10.0_s4/outputs/condition_prediction_finetune_dim64_seed2_hidden,frozen_temporal_conv,pretrained,hidden,256,204800,temporal_conv,0.25857519788918204,0.25,0.10272536687631027,0.2585752010345459,1.385907769203186,0.25555555555555554,0.25,0.10176991150442478
64,3,20260720_132050_d64_h256_dep2_bs128_ep50_lr1e-03_lxp0.0_lbt0.0_lcca1.0_sig10.0_s4,physionetmi/synth_runs/20260720_132050_d64_h256_dep2_bs128_ep50_lr1e-03_lxp0.0_lbt0.0_lcca1.0_sig10.0_s4/outputs/condition_prediction_finetune_dim64_seed3_hidden,finetuned_temporal_conv,pretrained,hidden,256,204800,temporal_conv,0.25857519788918204,0.25,0.10272536687631027,0.25857519788918204,1.3856971263885498,0.24888888888888888,0.25,0.099644128113879
64,3,20260720_132050_d64_h256_dep2_bs128_ep50_lr1e-03_lxp0.0_lbt0.0_lcca1.0_sig10.0_s4,physionetmi/synth_runs/20260720_132050_d64_h256_dep2_bs128_ep50_lr1e-03_lxp0.0_lbt0.0_lcca1.0_sig10.0_s4/outputs/condition_prediction_finetune_dim64_seed3_hidden,frozen_temporal_conv,pretrained,hidden,256,204800,temporal_conv,0.2598944591029024,0.2512755102040816,0.10651086511950505,0.259894460439682,1.3866838216781616,0.24888888888888888,0.25,0.099644128113879
64,4,20260720_132050_d64_h256_dep2_bs128_ep50_lr1e-03_lxp0.0_lbt0.0_lcca1.0_sig10.0_s4,physionetmi/synth_runs/20260720_132050_d64_h256_dep2_bs128_ep50_lr1e-03_lxp0.0_lbt0.0_lcca1.0_sig10.0_s4/outputs/condition_prediction_finetune_dim64_seed4_hidden,finetuned_temporal_conv,pretrained,hidden,256,204800,temporal_conv,0.25857519788918204,0.25,0.10272536687631027,0.25857519788918204,1.3856937438249588,0.25555555555555554,0.25,0.10176991150442478
64,4,20260720_132050_d64_h256_dep2_bs128_ep50_lr1e-03_lxp0.0_lbt0.0_lcca1.0_sig10.0_s4,physionetmi/synth_runs/20260720_132050_d64_h256_dep2_bs128_ep50_lr1e-03_lxp0.0_lbt0.0_lcca1.0_sig10.0_s4/outputs/condition_prediction_finetune_dim64_seed4_hidden,frozen_temporal_conv,pretrained,hidden,256,204800,temporal_conv,0.25857519788918204,0.25,0.10272536687631027,0.2585752010345459,1.3860961198806763,0.24888888888888888,0.25,0.099644128113879
128,0,20260720_132824_d128_h256_dep2_bs128_ep50_lr1e-03_lxp0.0_lbt0.0_lcca1.0_sig10.0_s4,physionetmi/synth_runs/20260720_132824_d128_h256_dep2_bs128_ep50_lr1e-03_lxp0.0_lbt0.0_lcca1.0_sig10.0_s4/outputs/condition_prediction_finetune_dim128_seed0_hidden,finetuned_temporal_conv,pretrained,hidden,256,204800,temporal_conv,0.25857519788918204,0.25,0.10272536687631027,0.25857519788918204,1.3857974608739216,0.25555555555555554,0.25,0.10176991150442478
128,0,20260720_132824_d128_h256_dep2_bs128_ep50_lr1e-03_lxp0.0_lbt0.0_lcca1.0_sig10.0_s4,physionetmi/synth_runs/20260720_132824_d128_h256_dep2_bs128_ep50_lr1e-03_lxp0.0_lbt0.0_lcca1.0_sig10.0_s4/outputs/condition_prediction_finetune_dim128_seed0_hidden,frozen_temporal_conv,pretrained,hidden,256,204800,temporal_conv,0.25857519788918204,0.25,0.10272536687631027,0.2585752010345459,1.3860548734664917,0.25555555555555554,0.25,0.10176991150442478
128,1,20260720_132824_d128_h256_dep2_bs128_ep50_lr1e-03_lxp0.0_lbt0.0_lcca1.0_sig10.0_s4,physionetmi/synth_runs/20260720_132824_d128_h256_dep2_bs128_ep50_lr1e-03_lxp0.0_lbt0.0_lcca1.0_sig10.0_s4/outputs/condition_prediction_finetune_dim128_seed1_hidden,finetuned_temporal_conv,pretrained,hidden,256,204800,temporal_conv,0.25857519788918204,0.25,0.10272536687631027,0.25857519788918204,1.3859682530164719,0.25555555555555554,0.25,0.10176991150442478
128,1,20260720_132824_d128_h256_dep2_bs128_ep50_lr1e-03_lxp0.0_lbt0.0_lcca1.0_sig10.0_s4,physionetmi/synth_runs/20260720_132824_d128_h256_dep2_bs128_ep50_lr1e-03_lxp0.0_lbt0.0_lcca1.0_sig10.0_s4/outputs/condition_prediction_finetune_dim128_seed1_hidden,frozen_temporal_conv,pretrained,hidden,256,204800,temporal_conv,0.25857519788918204,0.25,0.10272536687631027,0.2585752010345459,1.3859784603118896,0.24888888888888888,0.25,0.099644128113879
128,2,20260720_132824_d128_h256_dep2_bs128_ep50_lr1e-03_lxp0.0_lbt0.0_lcca1.0_sig10.0_s4,physionetmi/synth_runs/20260720_132824_d128_h256_dep2_bs128_ep50_lr1e-03_lxp0.0_lbt0.0_lcca1.0_sig10.0_s4/outputs/condition_prediction_finetune_dim128_seed2_hidden,finetuned_temporal_conv,pretrained,hidden,256,204800,temporal_conv,0.25857519788918204,0.25,0.10272536687631027,0.25857519788918204,1.385855143268903,0.25555555555555554,0.25,0.10176991150442478
128,2,20260720_132824_d128_h256_dep2_bs128_ep50_lr1e-03_lxp0.0_lbt0.0_lcca1.0_sig10.0_s4,physionetmi/synth_runs/20260720_132824_d128_h256_dep2_bs128_ep50_lr1e-03_lxp0.0_lbt0.0_lcca1.0_sig10.0_s4/outputs/condition_prediction_finetune_dim128_seed2_hidden,frozen_temporal_conv,pretrained,hidden,256,204800,temporal_conv,0.25857519788918204,0.25,0.10272536687631027,0.2585752010345459,1.3857420682907104,0.25555555555555554,0.25,0.10176991150442478
128,3,20260720_132824_d128_h256_dep2_bs128_ep50_lr1e-03_lxp0.0_lbt0.0_lcca1.0_sig10.0_s4,physionetmi/synth_runs/20260720_132824_d128_h256_dep2_bs128_ep50_lr1e-03_lxp0.0_lbt0.0_lcca1.0_sig10.0_s4/outputs/condition_prediction_finetune_dim128_seed3_hidden,finetuned_temporal_conv,pretrained,hidden,256,204800,temporal_conv,0.25857519788918204,0.25,0.10272536687631027,0.25857519788918204,1.3857012242078781,0.24888888888888888,0.25,0.099644128113879
128,3,20260720_132824_d128_h256_dep2_bs128_ep50_lr1e-03_lxp0.0_lbt0.0_lcca1.0_sig10.0_s4,physionetmi/synth_runs/20260720_132824_d128_h256_dep2_bs128_ep50_lr1e-03_lxp0.0_lbt0.0_lcca1.0_sig10.0_s4/outputs/condition_prediction_finetune_dim128_seed3_hidden,frozen_temporal_conv,pretrained,hidden,256,204800,temporal_conv,0.25857519788918204,0.25,0.10272536687631027,0.2585752010345459,1.3858922719955444,0.24888888888888888,0.25,0.099644128113879
128,4,20260720_132824_d128_h256_dep2_bs128_ep50_lr1e-03_lxp0.0_lbt0.0_lcca1.0_sig10.0_s4,physionetmi/synth_runs/20260720_132824_d128_h256_dep2_bs128_ep50_lr1e-03_lxp0.0_lbt0.0_lcca1.0_sig10.0_s4/outputs/condition_prediction_finetune_dim128_seed4_hidden,finetuned_temporal_conv,pretrained,hidden,256,204800,temporal_conv,0.25857519788918204,0.25,0.10272536687631027,0.25857519788918204,1.38577434917291,0.24888888888888888,0.25,0.099644128113879
128,4,20260720_132824_d128_h256_dep2_bs128_ep50_lr1e-03_lxp0.0_lbt0.0_lcca1.0_sig10.0_s4,physionetmi/synth_runs/20260720_132824_d128_h256_dep2_bs128_ep50_lr1e-03_lxp0.0_lbt0.0_lcca1.0_sig10.0_s4/outputs/condition_prediction_finetune_dim128_seed4_hidden,frozen_temporal_conv,pretrained,hidden,256,204800,temporal_conv,0.25857519788918204,0.25,0.10272536687631027,0.2585752010345459,1.386104702949524,0.24888888888888888,0.25,0.099644128113879
256,0,20260720_151704_d256_h256_dep2_bs128_ep50_lr1e-03_lxp0.0_lbt0.0_lcca1.0_sig10.0_s4,physionetmi/synth_runs/20260720_151704_d256_h256_dep2_bs128_ep50_lr1e-03_lxp0.0_lbt0.0_lcca1.0_sig10.0_s4/outputs/condition_prediction_finetune_dim256_seed0_hidden,finetuned_temporal_conv,pretrained,hidden,256,204800,temporal_conv,0.25857519788918204,0.25,0.10272536687631027,0.25857519788918204,1.385971521337827,0.25555555555555554,0.25,0.10176991150442478
256,0,20260720_151704_d256_h256_dep2_bs128_ep50_lr1e-03_lxp0.0_lbt0.0_lcca1.0_sig10.0_s4,physionetmi/synth_runs/20260720_151704_d256_h256_dep2_bs128_ep50_lr1e-03_lxp0.0_lbt0.0_lcca1.0_sig10.0_s4/outputs/condition_prediction_finetune_dim256_seed0_hidden,frozen_temporal_conv,pretrained,hidden,256,204800,temporal_conv,0.25857519788918204,0.25,0.10272536687631027,0.2585752010345459,1.3860470056533813,0.25555555555555554,0.25,0.10176991150442478
256,1,20260720_151704_d256_h256_dep2_bs128_ep50_lr1e-03_lxp0.0_lbt0.0_lcca1.0_sig10.0_s4,physionetmi/synth_runs/20260720_151704_d256_h256_dep2_bs128_ep50_lr1e-03_lxp0.0_lbt0.0_lcca1.0_sig10.0_s4/outputs/condition_prediction_finetune_dim256_seed1_hidden,finetuned_temporal_conv,pretrained,hidden,256,204800,temporal_conv,0.25857519788918204,0.25,0.10272536687631027,0.25857519788918204,1.3856555968523026,0.24888888888888888,0.25,0.099644128113879
256,1,20260720_151704_d256_h256_dep2_bs128_ep50_lr1e-03_lxp0.0_lbt0.0_lcca1.0_sig10.0_s4,physionetmi/synth_runs/20260720_151704_d256_h256_dep2_bs128_ep50_lr1e-03_lxp0.0_lbt0.0_lcca1.0_sig10.0_s4/outputs/condition_prediction_finetune_dim256_seed1_hidden,frozen_temporal_conv,pretrained,hidden,256,204800,temporal_conv,0.25857519788918204,0.25,0.10272536687631027,0.2585752010345459,1.3859387636184692,0.24888888888888888,0.25,0.099644128113879
256,2,20260720_151704_d256_h256_dep2_bs128_ep50_lr1e-03_lxp0.0_lbt0.0_lcca1.0_sig10.0_s4,physionetmi/synth_runs/20260720_151704_d256_h256_dep2_bs128_ep50_lr1e-03_lxp0.0_lbt0.0_lcca1.0_sig10.0_s4/outputs/condition_prediction_finetune_dim256_seed2_hidden,finetuned_temporal_conv,pretrained,hidden,256,204800,temporal_conv,0.25857519788918204,0.25,0.10272536687631027,0.25857519788918204,1.3857029179732006,0.24888888888888888,0.25,0.099644128113879
256,2,20260720_151704_d256_h256_dep2_bs128_ep50_lr1e-03_lxp0.0_lbt0.0_lcca1.0_sig10.0_s4,physionetmi/synth_runs/20260720_151704_d256_h256_dep2_bs128_ep50_lr1e-03_lxp0.0_lbt0.0_lcca1.0_sig10.0_s4/outputs/condition_prediction_finetune_dim256_seed2_hidden,frozen_temporal_conv,pretrained,hidden,256,204800,temporal_conv,0.25857519788918204,0.25,0.10272536687631027,0.2585752010345459,1.3859179019927979,0.25555555555555554,0.25,0.10176991150442478
256,3,20260720_151704_d256_h256_dep2_bs128_ep50_lr1e-03_lxp0.0_lbt0.0_lcca1.0_sig10.0_s4,physionetmi/synth_runs/20260720_151704_d256_h256_dep2_bs128_ep50_lr1e-03_lxp0.0_lbt0.0_lcca1.0_sig10.0_s4/outputs/condition_prediction_finetune_dim256_seed3_hidden,finetuned_temporal_conv,pretrained,hidden,256,204800,temporal_conv,0.25857519788918204,0.25,0.10272536687631027,0.25857519788918204,1.3857107510169346,0.24888888888888888,0.25,0.099644128113879
256,3,20260720_151704_d256_h256_dep2_bs128_ep50_lr1e-03_lxp0.0_lbt0.0_lcca1.0_sig10.0_s4,physionetmi/synth_runs/20260720_151704_d256_h256_dep2_bs128_ep50_lr1e-03_lxp0.0_lbt0.0_lcca1.0_sig10.0_s4/outputs/condition_prediction_finetune_dim256_seed3_hidden,frozen_temporal_conv,pretrained,hidden,256,204800,temporal_conv,0.25857519788918204,0.25,0.10272536687631027,0.2585752010345459,1.386251449584961,0.24888888888888888,0.25,0.099644128113879
256,4,20260720_151704_d256_h256_dep2_bs128_ep50_lr1e-03_lxp0.0_lbt0.0_lcca1.0_sig10.0_s4,physionetmi/synth_runs/20260720_151704_d256_h256_dep2_bs128_ep50_lr1e-03_lxp0.0_lbt0.0_lcca1.0_sig10.0_s4/outputs/condition_prediction_finetune_dim256_seed4_hidden,finetuned_temporal_conv,pretrained,hidden,256,204800,temporal_conv,0.25857519788918204,0.25,0.10272536687631027,0.25857519788918204,1.3856857468684514,0.25555555555555554,0.25,0.10176991150442478
256,4,20260720_151704_d256_h256_dep2_bs128_ep50_lr1e-03_lxp0.0_lbt0.0_lcca1.0_sig10.0_s4,physionetmi/synth_runs/20260720_151704_d256_h256_dep2_bs128_ep50_lr1e-03_lxp0.0_lbt0.0_lcca1.0_sig10.0_s4/outputs/condition_prediction_finetune_dim256_seed4_hidden,frozen_temporal_conv,pretrained,hidden,256,204800,temporal_conv,0.2605540897097625,0.25225667189952905,0.11196169953186794,0.26055410504341125,1.386472463607788,0.2577777777777778,0.25237154150197627,0.11037620789942772
512,0,20260720_152513_d512_h256_dep2_bs128_ep50_lr1e-03_lxp0.0_lbt0.0_lcca1.0_sig10.0_s4,physionetmi/synth_runs/20260720_152513_d512_h256_dep2_bs128_ep50_lr1e-03_lxp0.0_lbt0.0_lcca1.0_sig10.0_s4/outputs/condition_prediction_finetune_dim512_seed0_hidden,finetuned_temporal_conv,pretrained,hidden,256,204800,temporal_conv,0.25857519788918204,0.25,0.10272536687631027,0.25857519788918204,1.3857447604338329,0.24888888888888888,0.25,0.099644128113879
512,0,20260720_152513_d512_h256_dep2_bs128_ep50_lr1e-03_lxp0.0_lbt0.0_lcca1.0_sig10.0_s4,physionetmi/synth_runs/20260720_152513_d512_h256_dep2_bs128_ep50_lr1e-03_lxp0.0_lbt0.0_lcca1.0_sig10.0_s4/outputs/condition_prediction_finetune_dim512_seed0_hidden,frozen_temporal_conv,pretrained,hidden,256,204800,temporal_conv,0.25857519788918204,0.25,0.10272536687631027,0.2585752010345459,1.3860459327697754,0.25555555555555554,0.25,0.10176991150442478
512,1,20260720_152513_d512_h256_dep2_bs128_ep50_lr1e-03_lxp0.0_lbt0.0_lcca1.0_sig10.0_s4,physionetmi/synth_runs/20260720_152513_d512_h256_dep2_bs128_ep50_lr1e-03_lxp0.0_lbt0.0_lcca1.0_sig10.0_s4/outputs/condition_prediction_finetune_dim512_seed1_hidden,finetuned_temporal_conv,pretrained,hidden,256,204800,temporal_conv,0.25857519788918204,0.25,0.10272536687631027,0.25857519788918204,1.3856870780388515,0.24888888888888888,0.25,0.099644128113879
512,1,20260720_152513_d512_h256_dep2_bs128_ep50_lr1e-03_lxp0.0_lbt0.0_lcca1.0_sig10.0_s4,physionetmi/synth_runs/20260720_152513_d512_h256_dep2_bs128_ep50_lr1e-03_lxp0.0_lbt0.0_lcca1.0_sig10.0_s4/outputs/condition_prediction_finetune_dim512_seed1_hidden,frozen_temporal_conv,pretrained,hidden,256,204800,temporal_conv,0.25857519788918204,0.25,0.10272536687631027,0.2585752010345459,1.3859901428222656,0.24888888888888888,0.25,0.099644128113879
512,2,20260720_152513_d512_h256_dep2_bs128_ep50_lr1e-03_lxp0.0_lbt0.0_lcca1.0_sig10.0_s4,physionetmi/synth_runs/20260720_152513_d512_h256_dep2_bs128_ep50_lr1e-03_lxp0.0_lbt0.0_lcca1.0_sig10.0_s4/outputs/condition_prediction_finetune_dim512_seed2_hidden,finetuned_temporal_conv,pretrained,hidden,256,204800,temporal_conv,0.25857519788918204,0.25,0.10272536687631027,0.25857519788918204,1.3857709964116414,0.24888888888888888,0.25,0.099644128113879
512,2,20260720_152513_d512_h256_dep2_bs128_ep50_lr1e-03_lxp0.0_lbt0.0_lcca1.0_sig10.0_s4,physionetmi/synth_runs/20260720_152513_d512_h256_dep2_bs128_ep50_lr1e-03_lxp0.0_lbt0.0_lcca1.0_sig10.0_s4/outputs/condition_prediction_finetune_dim512_seed2_hidden,frozen_temporal_conv,pretrained,hidden,256,204800,temporal_conv,0.25857519788918204,0.25,0.10272536687631027,0.2585752010345459,1.3859083652496338,0.25555555555555554,0.25,0.10176991150442478
512,3,20260720_152513_d512_h256_dep2_bs128_ep50_lr1e-03_lxp0.0_lbt0.0_lcca1.0_sig10.0_s4,physionetmi/synth_runs/20260720_152513_d512_h256_dep2_bs128_ep50_lr1e-03_lxp0.0_lbt0.0_lcca1.0_sig10.0_s4/outputs/condition_prediction_finetune_dim512_seed3_hidden,finetuned_temporal_conv,pretrained,hidden,256,204800,temporal_conv,0.25857519788918204,0.25,0.10272536687631027,0.25857519788918204,1.385791763663292,0.24888888888888888,0.25,0.099644128113879
512,3,20260720_152513_d512_h256_dep2_bs128_ep50_lr1e-03_lxp0.0_lbt0.0_lcca1.0_sig10.0_s4,physionetmi/synth_runs/20260720_152513_d512_h256_dep2_bs128_ep50_lr1e-03_lxp0.0_lbt0.0_lcca1.0_sig10.0_s4/outputs/condition_prediction_finetune_dim512_seed3_hidden,frozen_temporal_conv,pretrained,hidden,256,204800,temporal_conv,0.25857519788918204,0.25,0.10272536687631027,0.2585752010345459,1.386213779449463,0.25555555555555554,0.25,0.10176991150442478
512,4,20260720_152513_d512_h256_dep2_bs128_ep50_lr1e-03_lxp0.0_lbt0.0_lcca1.0_sig10.0_s4,physionetmi/synth_runs/20260720_152513_d512_h256_dep2_bs128_ep50_lr1e-03_lxp0.0_lbt0.0_lcca1.0_sig10.0_s4/outputs/condition_prediction_finetune_dim512_seed4_hidden,finetuned_temporal_conv,pretrained,hidden,256,204800,temporal_conv,0.25857519788918204,0.25,0.10272536687631027,0.25857519788918204,1.3857886393864949,0.24888888888888888,0.25,0.099644128113879
512,4,20260720_152513_d512_h256_dep2_bs128_ep50_lr1e-03_lxp0.0_lbt0.0_lcca1.0_sig10.0_s4,physionetmi/synth_runs/20260720_152513_d512_h256_dep2_bs128_ep50_lr1e-03_lxp0.0_lbt0.0_lcca1.0_sig10.0_s4/outputs/condition_prediction_finetune_dim512_seed4_hidden,frozen_temporal_conv,pretrained,hidden,256,204800,temporal_conv,0.25857519788918204,0.25,0.10272536687631027,0.2585752010345459,1.386117696762085,0.24888888888888888,0.25,0.099644128113879
1024,0,20260720_154012_d1024_h256_dep2_bs128_ep50_lr1e-03_lxp0.0_lbt0.0_lcca1.0_sig10.0_s4,physionetmi/synth_runs/20260720_154012_d1024_h256_dep2_bs128_ep50_lr1e-03_lxp0.0_lbt0.0_lcca1.0_sig10.0_s4/outputs/condition_prediction_finetune_dim1024_seed0_hidden,finetuned_temporal_conv,pretrained,hidden,256,204800,temporal_conv,0.25857519788918204,0.25,0.10272536687631027,0.25857519788918204,1.3858164896567662,0.24888888888888888,0.25,0.099644128113879
1024,0,20260720_154012_d1024_h256_dep2_bs128_ep50_lr1e-03_lxp0.0_lbt0.0_lcca1.0_sig10.0_s4,physionetmi/synth_runs/20260720_154012_d1024_h256_dep2_bs128_ep50_lr1e-03_lxp0.0_lbt0.0_lcca1.0_sig10.0_s4/outputs/condition_prediction_finetune_dim1024_seed0_hidden,frozen_temporal_conv,pretrained,hidden,256,204800,temporal_conv,0.25857519788918204,0.25,0.10272536687631027,0.2585752010345459,1.3860630989074707,0.25555555555555554,0.25,0.10176991150442478
1024,1,20260720_154012_d1024_h256_dep2_bs128_ep50_lr1e-03_lxp0.0_lbt0.0_lcca1.0_sig10.0_s4,physionetmi/synth_runs/20260720_154012_d1024_h256_dep2_bs128_ep50_lr1e-03_lxp0.0_lbt0.0_lcca1.0_sig10.0_s4/outputs/condition_prediction_finetune_dim1024_seed1_hidden,finetuned_temporal_conv,pretrained,hidden,256,204800,temporal_conv,0.25857519788918204,0.25,0.10272536687631027,0.25857519788918204,1.3856863776842754,0.24888888888888888,0.25,0.099644128113879
1024,1,20260720_154012_d1024_h256_dep2_bs128_ep50_lr1e-03_lxp0.0_lbt0.0_lcca1.0_sig10.0_s4,physionetmi/synth_runs/20260720_154012_d1024_h256_dep2_bs128_ep50_lr1e-03_lxp0.0_lbt0.0_lcca1.0_sig10.0_s4/outputs/condition_prediction_finetune_dim1024_seed1_hidden,frozen_temporal_conv,pretrained,hidden,256,204800,temporal_conv,0.25857519788918204,0.25,0.10272536687631027,0.2585752010345459,1.3860050439834595,0.24888888888888888,0.25,0.099644128113879
1024,2,20260720_154012_d1024_h256_dep2_bs128_ep50_lr1e-03_lxp0.0_lbt0.0_lcca1.0_sig10.0_s4,physionetmi/synth_runs/20260720_154012_d1024_h256_dep2_bs128_ep50_lr1e-03_lxp0.0_lbt0.0_lcca1.0_sig10.0_s4/outputs/condition_prediction_finetune_dim1024_seed2_hidden,finetuned_temporal_conv,pretrained,hidden,256,204800,temporal_conv,0.25857519788918204,0.25,0.10272536687631027,0.25857519788918204,1.3856639911731083,0.25555555555555554,0.25,0.10176991150442478
1024,2,20260720_154012_d1024_h256_dep2_bs128_ep50_lr1e-03_lxp0.0_lbt0.0_lcca1.0_sig10.0_s4,physionetmi/synth_runs/20260720_154012_d1024_h256_dep2_bs128_ep50_lr1e-03_lxp0.0_lbt0.0_lcca1.0_sig10.0_s4/outputs/condition_prediction_finetune_dim1024_seed2_hidden,frozen_temporal_conv,pretrained,hidden,256,204800,temporal_conv,0.25857519788918204,0.25,0.10272536687631027,0.2585752010345459,1.3859199285507202,0.25555555555555554,0.25,0.10176991150442478
1024,3,20260720_154012_d1024_h256_dep2_bs128_ep50_lr1e-03_lxp0.0_lbt0.0_lcca1.0_sig10.0_s4,physionetmi/synth_runs/20260720_154012_d1024_h256_dep2_bs128_ep50_lr1e-03_lxp0.0_lbt0.0_lcca1.0_sig10.0_s4/outputs/condition_prediction_finetune_dim1024_seed3_hidden,finetuned_temporal_conv,pretrained,hidden,256,204800,temporal_conv,0.25857519788918204,0.25,0.10272536687631027,0.25857519788918204,1.3857477903366089,0.24888888888888888,0.25,0.099644128113879
1024,3,20260720_154012_d1024_h256_dep2_bs128_ep50_lr1e-03_lxp0.0_lbt0.0_lcca1.0_sig10.0_s4,physionetmi/synth_runs/20260720_154012_d1024_h256_dep2_bs128_ep50_lr1e-03_lxp0.0_lbt0.0_lcca1.0_sig10.0_s4/outputs/condition_prediction_finetune_dim1024_seed3_hidden,frozen_temporal_conv,pretrained,hidden,256,204800,temporal_conv,0.25857519788918204,0.25,0.10272536687631027,0.2585752010345459,1.3861409425735474,0.24888888888888888,0.25,0.099644128113879
1024,4,20260720_154012_d1024_h256_dep2_bs128_ep50_lr1e-03_lxp0.0_lbt0.0_lcca1.0_sig10.0_s4,physionetmi/synth_runs/20260720_154012_d1024_h256_dep2_bs128_ep50_lr1e-03_lxp0.0_lbt0.0_lcca1.0_sig10.0_s4/outputs/condition_prediction_finetune_dim1024_seed4_hidden,finetuned_temporal_conv,pretrained,hidden,256,204800,temporal_conv,0.25857519788918204,0.25,0.10272536687631027,0.25857519788918204,1.3857839107513428,0.24888888888888888,0.25,0.099644128113879
1024,4,20260720_154012_d1024_h256_dep2_bs128_ep50_lr1e-03_lxp0.0_lbt0.0_lcca1.0_sig10.0_s4,physionetmi/synth_runs/20260720_154012_d1024_h256_dep2_bs128_ep50_lr1e-03_lxp0.0_lbt0.0_lcca1.0_sig10.0_s4/outputs/condition_prediction_finetune_dim1024_seed4_hidden,frozen_temporal_conv,pretrained,hidden,256,204800,temporal_conv,0.25857519788918204,0.25,0.10272536687631027,0.2585752010345459,1.3861244916915894,0.24888888888888888,0.25,0.099644128113879
2048,0,20260720_161829_d2048_h256_dep2_bs128_ep50_lr1e-03_lxp0.0_lbt0.0_lcca1.0_sig10.0_s4,physionetmi/synth_runs/20260720_161829_d2048_h256_dep2_bs128_ep50_lr1e-03_lxp0.0_lbt0.0_lcca1.0_sig10.0_s4/outputs/condition_prediction_finetune_dim2048_seed0_hidden,finetuned_temporal_conv,pretrained,hidden,256,204800,temporal_conv,0.25857519788918204,0.25,0.10272536687631027,0.25857519788918204,1.3856856574614842,0.25555555555555554,0.25,0.10176991150442478
2048,0,20260720_161829_d2048_h256_dep2_bs128_ep50_lr1e-03_lxp0.0_lbt0.0_lcca1.0_sig10.0_s4,physionetmi/synth_runs/20260720_161829_d2048_h256_dep2_bs128_ep50_lr1e-03_lxp0.0_lbt0.0_lcca1.0_sig10.0_s4/outputs/condition_prediction_finetune_dim2048_seed0_hidden,frozen_temporal_conv,pretrained,hidden,256,204800,temporal_conv,0.25857519788918204,0.25,0.10272536687631027,0.2585752010345459,1.386061191558838,0.25555555555555554,0.25,0.10176991150442478
2048,1,20260720_161829_d2048_h256_dep2_bs128_ep50_lr1e-03_lxp0.0_lbt0.0_lcca1.0_sig10.0_s4,physionetmi/synth_runs/20260720_161829_d2048_h256_dep2_bs128_ep50_lr1e-03_lxp0.0_lbt0.0_lcca1.0_sig10.0_s4/outputs/condition_prediction_finetune_dim2048_seed1_hidden,finetuned_temporal_conv,pretrained,hidden,256,204800,temporal_conv,0.25857519788918204,0.25,0.10272536687631027,0.25857519788918204,1.3857043186823528,0.25555555555555554,0.25,0.10176991150442478
2048,1,20260720_161829_d2048_h256_dep2_bs128_ep50_lr1e-03_lxp0.0_lbt0.0_lcca1.0_sig10.0_s4,physionetmi/synth_runs/20260720_161829_d2048_h256_dep2_bs128_ep50_lr1e-03_lxp0.0_lbt0.0_lcca1.0_sig10.0_s4/outputs/condition_prediction_finetune_dim2048_seed1_hidden,frozen_temporal_conv,pretrained,hidden,256,204800,temporal_conv,0.25857519788918204,0.25,0.10272536687631027,0.2585752010345459,1.386025309562683,0.24888888888888888,0.25,0.099644128113879
2048,2,20260720_161829_d2048_h256_dep2_bs128_ep50_lr1e-03_lxp0.0_lbt0.0_lcca1.0_sig10.0_s4,physionetmi/synth_runs/20260720_161829_d2048_h256_dep2_bs128_ep50_lr1e-03_lxp0.0_lbt0.0_lcca1.0_sig10.0_s4/outputs/condition_prediction_finetune_dim2048_seed2_hidden,finetuned_temporal_conv,pretrained,hidden,256,204800,temporal_conv,0.25857519788918204,0.25,0.10272536687631027,0.25857519788918204,1.385611742734909,0.24888888888888888,0.25,0.099644128113879
2048,2,20260720_161829_d2048_h256_dep2_bs128_ep50_lr1e-03_lxp0.0_lbt0.0_lcca1.0_sig10.0_s4,physionetmi/synth_runs/20260720_161829_d2048_h256_dep2_bs128_ep50_lr1e-03_lxp0.0_lbt0.0_lcca1.0_sig10.0_s4/outputs/condition_prediction_finetune_dim2048_seed2_hidden,frozen_temporal_conv,pretrained,hidden,256,204800,temporal_conv,0.25857519788918204,0.25,0.10272536687631027,0.2585752010345459,1.385909080505371,0.25555555555555554,0.25,0.10176991150442478
2048,3,20260720_161829_d2048_h256_dep2_bs128_ep50_lr1e-03_lxp0.0_lbt0.0_lcca1.0_sig10.0_s4,physionetmi/synth_runs/20260720_161829_d2048_h256_dep2_bs128_ep50_lr1e-03_lxp0.0_lbt0.0_lcca1.0_sig10.0_s4/outputs/condition_prediction_finetune_dim2048_seed3_hidden,finetuned_temporal_conv,pretrained,hidden,256,204800,temporal_conv,0.25857519788918204,0.25,0.10272536687631027,0.25857519788918204,1.3857119778792064,0.24888888888888888,0.25,0.099644128113879
2048,3,20260720_161829_d2048_h256_dep2_bs128_ep50_lr1e-03_lxp0.0_lbt0.0_lcca1.0_sig10.0_s4,physionetmi/synth_runs/20260720_161829_d2048_h256_dep2_bs128_ep50_lr1e-03_lxp0.0_lbt0.0_lcca1.0_sig10.0_s4/outputs/condition_prediction_finetune_dim2048_seed3_hidden,frozen_temporal_conv,pretrained,hidden,256,204800,temporal_conv,0.25857519788918204,0.25,0.10272536687631027,0.2585752010345459,1.3862446546554565,0.24888888888888888,0.25,0.099644128113879
2048,4,20260720_161829_d2048_h256_dep2_bs128_ep50_lr1e-03_lxp0.0_lbt0.0_lcca1.0_sig10.0_s4,physionetmi/synth_runs/20260720_161829_d2048_h256_dep2_bs128_ep50_lr1e-03_lxp0.0_lbt0.0_lcca1.0_sig10.0_s4/outputs/condition_prediction_finetune_dim2048_seed4_hidden,finetuned_temporal_conv,pretrained,hidden,256,204800,temporal_conv,0.25857519788918204,0.25,0.10272536687631027,0.25857519788918204,1.3857851525147755,0.24888888888888888,0.25,0.099644128113879
2048,4,20260720_161829_d2048_h256_dep2_bs128_ep50_lr1e-03_lxp0.0_lbt0.0_lcca1.0_sig10.0_s4,physionetmi/synth_runs/20260720_161829_d2048_h256_dep2_bs128_ep50_lr1e-03_lxp0.0_lbt0.0_lcca1.0_sig10.0_s4/outputs/condition_prediction_finetune_dim2048_seed4_hidden,frozen_temporal_conv,pretrained,hidden,256,204800,temporal_conv,0.25857519788918204,0.25,0.10272536687631027,0.2585752010345459,1.3861162662506104,0.24888888888888888,0.25,0.099644128113879
