embedding_dim,seed,run_name,output_dir,model,embedder_init,feature_layer,feature_dim,mse_x,mse_y,rmse_x,rmse_y,rmse_mean,r2_x,r2_y,r2_mean,corr_x,corr_y,best_val_mse_z
32,4,20260713_093518_d32_h256_dep2_bs64_ep200_lr1e-03_lxp0.0_lbt0.0_lcca1.0_sig10.0_s1,mcmaze/runs/20260713_093518_d32_h256_dep2_bs64_ep200_lr1e-03_lxp0.0_lbt0.0_lcca1.0_sig10.0_s1/outputs/velocity_prediction_finetune_dim32_seed4_100ms_hidden,finetuned_mlp,pretrained,hidden,256,5084.29931640625,5829.025390625,71.30427551269531,76.34805297851562,73.87032318115234,0.9215790629386902,0.8892615437507629,0.9054203033447266,0.9602806430543953,0.9435982220318211,0.09402931812736723
32,4,20260713_093518_d32_h256_dep2_bs64_ep200_lr1e-03_lxp0.0_lbt0.0_lcca1.0_sig10.0_s1,mcmaze/runs/20260713_093518_d32_h256_dep2_bs64_ep200_lr1e-03_lxp0.0_lbt0.0_lcca1.0_sig10.0_s1/outputs/velocity_prediction_finetune_dim32_seed4_100ms_hidden,frozen_mlp,pretrained,hidden,256,5797.62646484375,6739.6572265625,76.14214324951172,82.09541320800781,79.17569732666016,0.910576581954956,0.8719615936279297,0.8912690877914429,0.9542799475809165,0.9340161845357147,0.10804809629917145
32,4,20260713_093518_d32_h256_dep2_bs64_ep200_lr1e-03_lxp0.0_lbt0.0_lcca1.0_sig10.0_s1,mcmaze/runs/20260713_093518_d32_h256_dep2_bs64_ep200_lr1e-03_lxp0.0_lbt0.0_lcca1.0_sig10.0_s1/outputs/velocity_prediction_finetune_dim32_seed4_100ms,finetuned_mlp,pretrained,output,32,4858.80859375,5625.8291015625,69.70515441894531,75.00552368164062,72.40480041503906,0.925057053565979,0.8931218385696411,0.9090894460678101,0.9618038079358885,0.9451825686146343,0.0903616597255071
32,4,20260713_093518_d32_h256_dep2_bs64_ep200_lr1e-03_lxp0.0_lbt0.0_lcca1.0_sig10.0_s1,mcmaze/runs/20260713_093518_d32_h256_dep2_bs64_ep200_lr1e-03_lxp0.0_lbt0.0_lcca1.0_sig10.0_s1/outputs/velocity_prediction_finetune_dim32_seed4_100ms,frozen_mlp,pretrained,output,32,6198.91162109375,7176.8623046875,78.73316955566406,84.71636199951172,81.78038024902344,0.9043871164321899,0.8636556267738342,0.8840214014053345,0.951174837530831,0.9294967369657934,0.11525183916091919
64,0,20260713_093604_d64_h256_dep2_bs64_ep100_lr1e-03_lxp0.0_lbt0.0_lcca1.0_sig10.0_s1,mcmaze/runs/20260713_093604_d64_h256_dep2_bs64_ep100_lr1e-03_lxp0.0_lbt0.0_lcca1.0_sig10.0_s1/outputs/velocity_prediction_finetune_dim64_seed0_100ms_hidden,finetuned_mlp,pretrained,hidden,256,5141.26171875,5838.1083984375,71.70259094238281,76.40751647949219,74.093505859375,0.9207004904747009,0.8890889883041382,0.9048947095870972,0.9600147577395227,0.943032207740758,0.0945314144094785
64,0,20260713_093604_d64_h256_dep2_bs64_ep100_lr1e-03_lxp0.0_lbt0.0_lcca1.0_sig10.0_s1,mcmaze/runs/20260713_093604_d64_h256_dep2_bs64_ep100_lr1e-03_lxp0.0_lbt0.0_lcca1.0_sig10.0_s1/outputs/velocity_prediction_finetune_dim64_seed0_100ms_hidden,frozen_mlp,pretrained,hidden,256,5905.080078125,7056.62255859375,76.84452056884766,84.00370788574219,80.5044937133789,0.9089192152023315,0.8659399151802063,0.8874295949935913,0.9533813306241457,0.930915460739525,0.11185096204280853
64,0,20260713_093604_d64_h256_dep2_bs64_ep100_lr1e-03_lxp0.0_lbt0.0_lcca1.0_sig10.0_s1,mcmaze/runs/20260713_093604_d64_h256_dep2_bs64_ep100_lr1e-03_lxp0.0_lbt0.0_lcca1.0_sig10.0_s1/outputs/velocity_prediction_finetune_dim64_seed0_100ms,finetuned_mlp,pretrained,output,64,4954.01513671875,5646.1552734375,70.384765625,75.14089965820312,72.80274200439453,0.9235885739326477,0.8927356600761414,0.9081621170043945,0.9610543450232972,0.9449740620583565,0.0912865118847953
64,0,20260713_093604_d64_h256_dep2_bs64_ep100_lr1e-03_lxp0.0_lbt0.0_lcca1.0_sig10.0_s1,mcmaze/runs/20260713_093604_d64_h256_dep2_bs64_ep100_lr1e-03_lxp0.0_lbt0.0_lcca1.0_sig10.0_s1/outputs/velocity_prediction_finetune_dim64_seed0_100ms,frozen_mlp,pretrained,output,64,6243.267578125,7048.94970703125,79.01435089111328,83.95802307128906,81.52462005615234,0.903702974319458,0.8660857081413269,0.8848943710327148,0.9506509989072186,0.9306729848559572,0.11439576745033264
64,1,20260713_093604_d64_h256_dep2_bs64_ep100_lr1e-03_lxp0.0_lbt0.0_lcca1.0_sig10.0_s1,mcmaze/runs/20260713_093604_d64_h256_dep2_bs64_ep100_lr1e-03_lxp0.0_lbt0.0_lcca1.0_sig10.0_s1/outputs/velocity_prediction_finetune_dim64_seed1_100ms_hidden,finetuned_mlp,pretrained,hidden,256,5139.68701171875,5765.0341796875,71.69161224365234,75.92782592773438,73.84139251708984,0.9207247495651245,0.8904772400856018,0.9056010246276855,0.9595805417529526,0.9439633449977005,0.09382932633161545
64,1,20260713_093604_d64_h256_dep2_bs64_ep100_lr1e-03_lxp0.0_lbt0.0_lcca1.0_sig10.0_s1,mcmaze/runs/20260713_093604_d64_h256_dep2_bs64_ep100_lr1e-03_lxp0.0_lbt0.0_lcca1.0_sig10.0_s1/outputs/velocity_prediction_finetune_dim64_seed1_100ms_hidden,frozen_mlp,pretrained,hidden,256,5936.9775390625,7038.3388671875,77.05178833007812,83.89480590820312,80.54680633544922,0.9084272384643555,0.8662872910499573,0.887357234954834,0.9531229129654243,0.9307728602664948,0.1119263544678688
64,1,20260713_093604_d64_h256_dep2_bs64_ep100_lr1e-03_lxp0.0_lbt0.0_lcca1.0_sig10.0_s1,mcmaze/runs/20260713_093604_d64_h256_dep2_bs64_ep100_lr1e-03_lxp0.0_lbt0.0_lcca1.0_sig10.0_s1/outputs/velocity_prediction_finetune_dim64_seed1_100ms,finetuned_mlp,pretrained,output,64,5008.04638671875,5611.04150390625,70.7675552368164,74.9068832397461,72.86767578125,0.9227551817893982,0.8934027552604675,0.9080789685249329,0.9606684290039548,0.9452851623901465,0.09137205945120917
64,1,20260713_093604_d64_h256_dep2_bs64_ep100_lr1e-03_lxp0.0_lbt0.0_lcca1.0_sig10.0_s1,mcmaze/runs/20260713_093604_d64_h256_dep2_bs64_ep100_lr1e-03_lxp0.0_lbt0.0_lcca1.0_sig10.0_s1/outputs/velocity_prediction_finetune_dim64_seed1_100ms,frozen_mlp,pretrained,output,64,6183.53466796875,7046.74755859375,78.63545227050781,83.94490814208984,81.33447265625,0.9046242833137512,0.8661275506019592,0.8853759169578552,0.951424113637849,0.9306699582297558,0.11391307413578033
64,2,20260713_093604_d64_h256_dep2_bs64_ep100_lr1e-03_lxp0.0_lbt0.0_lcca1.0_sig10.0_s1,mcmaze/runs/20260713_093604_d64_h256_dep2_bs64_ep100_lr1e-03_lxp0.0_lbt0.0_lcca1.0_sig10.0_s1/outputs/velocity_prediction_finetune_dim64_seed2_100ms_hidden,finetuned_mlp,pretrained,hidden,256,5245.751953125,5798.10693359375,72.42756652832031,76.14530181884766,74.31085968017578,0.9190887808799744,0.8898489475250244,0.9044688940048218,0.9587392123430052,0.9436013265790029,0.09497333400779301
64,2,20260713_093604_d64_h256_dep2_bs64_ep100_lr1e-03_lxp0.0_lbt0.0_lcca1.0_sig10.0_s1,mcmaze/runs/20260713_093604_d64_h256_dep2_bs64_ep100_lr1e-03_lxp0.0_lbt0.0_lcca1.0_sig10.0_s1/outputs/velocity_prediction_finetune_dim64_seed2_100ms_hidden,frozen_mlp,pretrained,hidden,256,6087.974609375,6891.95751953125,78.02547454833984,83.01781463623047,80.56082153320312,0.9060982465744019,0.8690682053565979,0.8875832557678223,0.95190524758229,0.9324274556481155,0.11172109097242355
64,2,20260713_093604_d64_h256_dep2_bs64_ep100_lr1e-03_lxp0.0_lbt0.0_lcca1.0_sig10.0_s1,mcmaze/runs/20260713_093604_d64_h256_dep2_bs64_ep100_lr1e-03_lxp0.0_lbt0.0_lcca1.0_sig10.0_s1/outputs/velocity_prediction_finetune_dim64_seed2_100ms,finetuned_mlp,pretrained,output,64,4951.35205078125,5667.51953125,70.3658447265625,75.28292846679688,72.86682891845703,0.923629641532898,0.8923298120498657,0.9079797267913818,0.9613435838507965,0.9446708183056329,0.0914723782075776
64,2,20260713_093604_d64_h256_dep2_bs64_ep100_lr1e-03_lxp0.0_lbt0.0_lcca1.0_sig10.0_s1,mcmaze/runs/20260713_093604_d64_h256_dep2_bs64_ep100_lr1e-03_lxp0.0_lbt0.0_lcca1.0_sig10.0_s1/outputs/velocity_prediction_finetune_dim64_seed2_100ms,frozen_mlp,pretrained,output,64,6200.04345703125,7043.62744140625,78.7403564453125,83.92632293701172,81.3754653930664,0.9043697118759155,0.866186797618866,0.8852782249450684,0.9515056143288391,0.9307149908416876,0.11401107907295227
64,3,20260713_093604_d64_h256_dep2_bs64_ep100_lr1e-03_lxp0.0_lbt0.0_lcca1.0_sig10.0_s1,mcmaze/runs/20260713_093604_d64_h256_dep2_bs64_ep100_lr1e-03_lxp0.0_lbt0.0_lcca1.0_sig10.0_s1/outputs/velocity_prediction_finetune_dim64_seed3_100ms_hidden,finetuned_mlp,pretrained,hidden,256,5168.35009765625,5773.23193359375,71.8912353515625,75.9817886352539,73.96592712402344,0.9202826619148254,0.8903214931488037,0.9053020477294922,0.9595624058341724,0.9436063619108435,0.09413885159624948
64,3,20260713_093604_d64_h256_dep2_bs64_ep100_lr1e-03_lxp0.0_lbt0.0_lcca1.0_sig10.0_s1,mcmaze/runs/20260713_093604_d64_h256_dep2_bs64_ep100_lr1e-03_lxp0.0_lbt0.0_lcca1.0_sig10.0_s1/outputs/velocity_prediction_finetune_dim64_seed3_100ms_hidden,frozen_mlp,pretrained,hidden,256,5957.623046875,6990.005859375,77.18563842773438,83.60625457763672,80.46065521240234,0.9081088304519653,0.8672055006027222,0.8876571655273438,0.952957989562687,0.9312667025863903,0.11163241416215897
64,3,20260713_093604_d64_h256_dep2_bs64_ep100_lr1e-03_lxp0.0_lbt0.0_lcca1.0_sig10.0_s1,mcmaze/runs/20260713_093604_d64_h256_dep2_bs64_ep100_lr1e-03_lxp0.0_lbt0.0_lcca1.0_sig10.0_s1/outputs/velocity_prediction_finetune_dim64_seed3_100ms,finetuned_mlp,pretrained,output,64,4960.8779296875,5662.88818359375,70.43350219726562,75.25216674804688,72.88349914550781,0.9234827160835266,0.8924177885055542,0.9079502820968628,0.9613302466675167,0.9447778778596436,0.09148517416583167
64,3,20260713_093604_d64_h256_dep2_bs64_ep100_lr1e-03_lxp0.0_lbt0.0_lcca1.0_sig10.0_s1,mcmaze/runs/20260713_093604_d64_h256_dep2_bs64_ep100_lr1e-03_lxp0.0_lbt0.0_lcca1.0_sig10.0_s1/outputs/velocity_prediction_finetune_dim64_seed3_100ms,frozen_mlp,pretrained,output,64,6181.3154296875,6991.791015625,78.62134552001953,83.61692810058594,81.1584701538086,0.9046585559844971,0.867171585559845,0.8859150409698486,0.9513323355647035,0.9314517449388815,0.11338036507368088
64,4,20260713_093604_d64_h256_dep2_bs64_ep100_lr1e-03_lxp0.0_lbt0.0_lcca1.0_sig10.0_s1,mcmaze/runs/20260713_093604_d64_h256_dep2_bs64_ep100_lr1e-03_lxp0.0_lbt0.0_lcca1.0_sig10.0_s1/outputs/velocity_prediction_finetune_dim64_seed4_100ms_hidden,finetuned_mlp,pretrained,hidden,256,5005.8720703125,5877.8994140625,70.75218963623047,76.6674575805664,73.77043151855469,0.9227887392044067,0.8883330225944519,0.9055608510971069,0.9607181664696097,0.9430022640771427,0.09386367764737871
64,4,20260713_093604_d64_h256_dep2_bs64_ep100_lr1e-03_lxp0.0_lbt0.0_lcca1.0_sig10.0_s1,mcmaze/runs/20260713_093604_d64_h256_dep2_bs64_ep100_lr1e-03_lxp0.0_lbt0.0_lcca1.0_sig10.0_s1/outputs/velocity_prediction_finetune_dim64_seed4_100ms_hidden,frozen_mlp,pretrained,hidden,256,6189.0419921875,6930.80859375,78.67046356201172,83.25148010253906,80.99397277832031,0.9045393466949463,0.8683301210403442,0.8864347338676453,0.9517351263653345,0.9319166657346349,0.11286761611700058
64,4,20260713_093604_d64_h256_dep2_bs64_ep100_lr1e-03_lxp0.0_lbt0.0_lcca1.0_sig10.0_s1,mcmaze/runs/20260713_093604_d64_h256_dep2_bs64_ep100_lr1e-03_lxp0.0_lbt0.0_lcca1.0_sig10.0_s1/outputs/velocity_prediction_finetune_dim64_seed4_100ms,finetuned_mlp,pretrained,output,64,4870.20947265625,5535.36865234375,69.7868881225586,74.40005493164062,72.13131713867188,0.9248812198638916,0.8948403596878052,0.9098607897758484,0.9617680148370588,0.9459921394468057,0.08958988719516331
64,4,20260713_093604_d64_h256_dep2_bs64_ep100_lr1e-03_lxp0.0_lbt0.0_lcca1.0_sig10.0_s1,mcmaze/runs/20260713_093604_d64_h256_dep2_bs64_ep100_lr1e-03_lxp0.0_lbt0.0_lcca1.0_sig10.0_s1/outputs/velocity_prediction_finetune_dim64_seed4_100ms,frozen_mlp,pretrained,output,64,6268.08203125,7003.9833984375,79.17121887207031,83.68980407714844,81.46285247802734,0.9033202528953552,0.8669399619102478,0.8851301074028015,0.9505007322177565,0.9312475902734778,0.11416622996330261
128,0,20260713_093632_d128_h256_dep2_bs64_ep100_lr1e-03_lxp0.0_lbt0.0_lcca1.0_sig10.0_s1,mcmaze/runs/20260713_093632_d128_h256_dep2_bs64_ep100_lr1e-03_lxp0.0_lbt0.0_lcca1.0_sig10.0_s1/outputs/velocity_prediction_finetune_dim128_seed0_100ms_hidden,finetuned_mlp,pretrained,hidden,256,4979.62451171875,5558.29833984375,70.56645202636719,74.55399322509766,72.58879852294922,0.9231935739517212,0.8944047689437866,0.9087991714477539,0.961494077794175,0.9465877219430239,0.09065438641442193
128,0,20260713_093632_d128_h256_dep2_bs64_ep100_lr1e-03_lxp0.0_lbt0.0_lcca1.0_sig10.0_s1,mcmaze/runs/20260713_093632_d128_h256_dep2_bs64_ep100_lr1e-03_lxp0.0_lbt0.0_lcca1.0_sig10.0_s1/outputs/velocity_prediction_finetune_dim128_seed0_100ms_hidden,frozen_mlp,pretrained,hidden,256,5863.8525390625,6399.42333984375,76.57579803466797,79.99639892578125,78.30545043945312,0.9095551371574402,0.8784252405166626,0.893990159034729,0.9538379981727478,0.9374393368055862,0.10536942631006241
128,0,20260713_093632_d128_h256_dep2_bs64_ep100_lr1e-03_lxp0.0_lbt0.0_lcca1.0_sig10.0_s1,mcmaze/runs/20260713_093632_d128_h256_dep2_bs64_ep100_lr1e-03_lxp0.0_lbt0.0_lcca1.0_sig10.0_s1/outputs/velocity_prediction_finetune_dim128_seed0_100ms,finetuned_mlp,pretrained,output,128,4834.603515625,5484.62158203125,69.53131103515625,74.0582275390625,71.83129119873047,0.925430417060852,0.8958044648170471,0.910617470741272,0.9621390417722068,0.9465570935241291,0.08885655221011904
128,0,20260713_093632_d128_h256_dep2_bs64_ep100_lr1e-03_lxp0.0_lbt0.0_lcca1.0_sig10.0_s1,mcmaze/runs/20260713_093632_d128_h256_dep2_bs64_ep100_lr1e-03_lxp0.0_lbt0.0_lcca1.0_sig10.0_s1/outputs/velocity_prediction_finetune_dim128_seed0_100ms,frozen_mlp,pretrained,output,128,5930.6240234375,6782.140625,77.01054382324219,82.35375213623047,79.7279052734375,0.9085252285003662,0.8711544871330261,0.8898398876190186,0.9531768157333532,0.9334911146484872,0.10947542637586594
128,1,20260713_093632_d128_h256_dep2_bs64_ep100_lr1e-03_lxp0.0_lbt0.0_lcca1.0_sig10.0_s1,mcmaze/runs/20260713_093632_d128_h256_dep2_bs64_ep100_lr1e-03_lxp0.0_lbt0.0_lcca1.0_sig10.0_s1/outputs/velocity_prediction_finetune_dim128_seed1_100ms_hidden,finetuned_mlp,pretrained,hidden,256,4934.4462890625,5378.81591796875,70.24561309814453,73.34040832519531,71.81059265136719,0.9238904118537903,0.8978145122528076,0.9108524322509766,0.9613381673588801,0.9475990052168131,0.08864067080948088
128,1,20260713_093632_d128_h256_dep2_bs64_ep100_lr1e-03_lxp0.0_lbt0.0_lcca1.0_sig10.0_s1,mcmaze/runs/20260713_093632_d128_h256_dep2_bs64_ep100_lr1e-03_lxp0.0_lbt0.0_lcca1.0_sig10.0_s1/outputs/velocity_prediction_finetune_dim128_seed1_100ms_hidden,frozen_mlp,pretrained,hidden,256,5882.0576171875,6476.04541015625,76.69457244873047,80.473876953125,78.60761260986328,0.9092743396759033,0.876969575881958,0.8931219577789307,0.9539221767102433,0.9375297203042499,0.10622873157262802
128,1,20260713_093632_d128_h256_dep2_bs64_ep100_lr1e-03_lxp0.0_lbt0.0_lcca1.0_sig10.0_s1,mcmaze/runs/20260713_093632_d128_h256_dep2_bs64_ep100_lr1e-03_lxp0.0_lbt0.0_lcca1.0_sig10.0_s1/outputs/velocity_prediction_finetune_dim128_seed1_100ms,finetuned_mlp,pretrained,output,128,4883.55810546875,5432.41259765625,69.88246154785156,73.70490264892578,71.82011413574219,0.9246753454208374,0.8967962861061096,0.9107358455657959,0.9617238049158312,0.9472749536299893,0.0887540231148402
128,1,20260713_093632_d128_h256_dep2_bs64_ep100_lr1e-03_lxp0.0_lbt0.0_lcca1.0_sig10.0_s1,mcmaze/runs/20260713_093632_d128_h256_dep2_bs64_ep100_lr1e-03_lxp0.0_lbt0.0_lcca1.0_sig10.0_s1/outputs/velocity_prediction_finetune_dim128_seed1_100ms,frozen_mlp,pretrained,output,128,6059.01708984375,6789.40087890625,77.83969116210938,82.39781951904297,80.152099609375,0.9065448641777039,0.8710165619850159,0.8887807130813599,0.952238291798022,0.9333395204496995,0.11053666472434998
128,2,20260713_093632_d128_h256_dep2_bs64_ep100_lr1e-03_lxp0.0_lbt0.0_lcca1.0_sig10.0_s1,mcmaze/runs/20260713_093632_d128_h256_dep2_bs64_ep100_lr1e-03_lxp0.0_lbt0.0_lcca1.0_sig10.0_s1/outputs/velocity_prediction_finetune_dim128_seed2_100ms_hidden,finetuned_mlp,pretrained,hidden,256,5033.70849609375,5499.466796875,70.9486312866211,74.15838623046875,72.57239532470703,0.9223594069480896,0.89552241563797,0.9089409112930298,0.9607111661810035,0.9464977407498251,0.09052584071954091
128,2,20260713_093632_d128_h256_dep2_bs64_ep100_lr1e-03_lxp0.0_lbt0.0_lcca1.0_sig10.0_s1,mcmaze/runs/20260713_093632_d128_h256_dep2_bs64_ep100_lr1e-03_lxp0.0_lbt0.0_lcca1.0_sig10.0_s1/outputs/velocity_prediction_finetune_dim128_seed2_100ms_hidden,frozen_mlp,pretrained,hidden,256,5851.0732421875,6621.2470703125,76.4923095703125,81.37104797363281,78.9700698852539,0.9097522497177124,0.8742110729217529,0.8919816613197327,0.9542204732991502,0.9355565613122016,0.10735058784484863
128,2,20260713_093632_d128_h256_dep2_bs64_ep100_lr1e-03_lxp0.0_lbt0.0_lcca1.0_sig10.0_s1,mcmaze/runs/20260713_093632_d128_h256_dep2_bs64_ep100_lr1e-03_lxp0.0_lbt0.0_lcca1.0_sig10.0_s1/outputs/velocity_prediction_finetune_dim128_seed2_100ms,finetuned_mlp,pretrained,output,128,4873.22412109375,5500.97509765625,69.80847930908203,74.1685562133789,72.02276611328125,0.9248347282409668,0.895493745803833,0.9101642370223999,0.961805327742231,0.9463276445733554,0.08929803553554747
128,2,20260713_093632_d128_h256_dep2_bs64_ep100_lr1e-03_lxp0.0_lbt0.0_lcca1.0_sig10.0_s1,mcmaze/runs/20260713_093632_d128_h256_dep2_bs64_ep100_lr1e-03_lxp0.0_lbt0.0_lcca1.0_sig10.0_s1/outputs/velocity_prediction_finetune_dim128_seed2_100ms,frozen_mlp,pretrained,output,128,5985.5634765625,6776.45166015625,77.36642456054688,82.31920623779297,79.88221740722656,0.9076778292655945,0.8712625503540039,0.8894702196121216,0.952735979981014,0.9334192220916859,0.10984720289707184
128,3,20260713_093632_d128_h256_dep2_bs64_ep100_lr1e-03_lxp0.0_lbt0.0_lcca1.0_sig10.0_s1,mcmaze/runs/20260713_093632_d128_h256_dep2_bs64_ep100_lr1e-03_lxp0.0_lbt0.0_lcca1.0_sig10.0_s1/outputs/velocity_prediction_finetune_dim128_seed3_100ms_hidden,finetuned_mlp,pretrained,hidden,256,4872.71142578125,5586.49951171875,69.8048095703125,74.74288940429688,72.31719207763672,0.9248425960540771,0.8938689827919006,0.9093557596206665,0.9617632467902317,0.9459539935398106,0.09010473555988735
128,3,20260713_093632_d128_h256_dep2_bs64_ep100_lr1e-03_lxp0.0_lbt0.0_lcca1.0_sig10.0_s1,mcmaze/runs/20260713_093632_d128_h256_dep2_bs64_ep100_lr1e-03_lxp0.0_lbt0.0_lcca1.0_sig10.0_s1/outputs/velocity_prediction_finetune_dim128_seed3_100ms_hidden,frozen_mlp,pretrained,hidden,256,5808.0556640625,6452.677734375,76.21060180664062,80.32855987548828,78.29741668701172,0.910415768623352,0.8774135112762451,0.8939146399497986,0.9542007974797602,0.9367073211735973,0.10543736815452576
128,3,20260713_093632_d128_h256_dep2_bs64_ep100_lr1e-03_lxp0.0_lbt0.0_lcca1.0_sig10.0_s1,mcmaze/runs/20260713_093632_d128_h256_dep2_bs64_ep100_lr1e-03_lxp0.0_lbt0.0_lcca1.0_sig10.0_s1/outputs/velocity_prediction_finetune_dim128_seed3_100ms,finetuned_mlp,pretrained,output,128,4911.42724609375,5499.14990234375,70.08157348632812,74.15625,72.14877319335938,0.9242454767227173,0.8955284357070923,0.9098869562149048,0.9613821715825565,0.9465333882874348,0.0895774977074729
128,3,20260713_093632_d128_h256_dep2_bs64_ep100_lr1e-03_lxp0.0_lbt0.0_lcca1.0_sig10.0_s1,mcmaze/runs/20260713_093632_d128_h256_dep2_bs64_ep100_lr1e-03_lxp0.0_lbt0.0_lcca1.0_sig10.0_s1/outputs/velocity_prediction_finetune_dim128_seed3_100ms,frozen_mlp,pretrained,output,128,6121.5166015625,6798.80224609375,78.24011993408203,82.45484924316406,80.37606811523438,0.9055808782577515,0.870837926864624,0.8882094025611877,0.9520077734403918,0.933255507036268,0.11110837012529373
128,4,20260713_093632_d128_h256_dep2_bs64_ep100_lr1e-03_lxp0.0_lbt0.0_lcca1.0_sig10.0_s1,mcmaze/runs/20260713_093632_d128_h256_dep2_bs64_ep100_lr1e-03_lxp0.0_lbt0.0_lcca1.0_sig10.0_s1/outputs/velocity_prediction_finetune_dim128_seed4_100ms_hidden,finetuned_mlp,pretrained,hidden,256,4987.5966796875,5436.83056640625,70.62291717529297,73.73486328125,72.19684600830078,0.9230706095695496,0.8967123627662659,0.9098914861679077,0.9609247729728934,0.947062235663381,0.08957932144403458
128,4,20260713_093632_d128_h256_dep2_bs64_ep100_lr1e-03_lxp0.0_lbt0.0_lcca1.0_sig10.0_s1,mcmaze/runs/20260713_093632_d128_h256_dep2_bs64_ep100_lr1e-03_lxp0.0_lbt0.0_lcca1.0_sig10.0_s1/outputs/velocity_prediction_finetune_dim128_seed4_100ms_hidden,frozen_mlp,pretrained,hidden,256,6023.98583984375,6539.8115234375,77.61434173583984,80.86910247802734,79.2589340209961,0.9070852398872375,0.875758171081543,0.8914216756820679,0.952599412655623,0.9358598170649602,0.10792412608861923
128,4,20260713_093632_d128_h256_dep2_bs64_ep100_lr1e-03_lxp0.0_lbt0.0_lcca1.0_sig10.0_s1,mcmaze/runs/20260713_093632_d128_h256_dep2_bs64_ep100_lr1e-03_lxp0.0_lbt0.0_lcca1.0_sig10.0_s1/outputs/velocity_prediction_finetune_dim128_seed4_100ms,finetuned_mlp,pretrained,output,128,4908.57177734375,5472.70654296875,70.06120300292969,73.97774505615234,72.04724884033203,0.9242895245552063,0.8960307836532593,0.9101601839065552,0.9615406935903201,0.9466011714090669,0.08931281831529406
128,4,20260713_093632_d128_h256_dep2_bs64_ep100_lr1e-03_lxp0.0_lbt0.0_lcca1.0_sig10.0_s1,mcmaze/runs/20260713_093632_d128_h256_dep2_bs64_ep100_lr1e-03_lxp0.0_lbt0.0_lcca1.0_sig10.0_s1/outputs/velocity_prediction_finetune_dim128_seed4_100ms,frozen_mlp,pretrained,output,128,5899.75439453125,6847.54052734375,76.80986022949219,82.74987030029297,79.83595275878906,0.909001350402832,0.8699120283126831,0.8894566893577576,0.9534468756671629,0.9330146752434172,0.10984950512647629
256,0,20260713_093710_d256_h256_dep2_bs64_ep100_lr1e-03_lxp0.0_lbt0.0_lcca1.0_sig10.0_s1,mcmaze/runs/20260713_093710_d256_h256_dep2_bs64_ep100_lr1e-03_lxp0.0_lbt0.0_lcca1.0_sig10.0_s1/outputs/velocity_prediction_finetune_dim256_seed0_100ms_hidden,finetuned_mlp,pretrained,hidden,256,5038.2626953125,5829.42236328125,70.98072052001953,76.35065460205078,73.71588897705078,0.9222891330718994,0.8892539739608765,0.9057715535163879,0.9605306309946259,0.9442199676777258,0.09366652948988809
256,0,20260713_093710_d256_h256_dep2_bs64_ep100_lr1e-03_lxp0.0_lbt0.0_lcca1.0_sig10.0_s1,mcmaze/runs/20260713_093710_d256_h256_dep2_bs64_ep100_lr1e-03_lxp0.0_lbt0.0_lcca1.0_sig10.0_s1/outputs/velocity_prediction_finetune_dim256_seed0_100ms_hidden,frozen_mlp,pretrained,hidden,256,5959.7666015625,6986.720703125,77.19952392578125,83.58660888671875,80.457275390625,0.908075749874115,0.867267906665802,0.8876718282699585,0.9529436195330419,0.9319802535840181,0.11161871999502182
256,0,20260713_093710_d256_h256_dep2_bs64_ep100_lr1e-03_lxp0.0_lbt0.0_lcca1.0_sig10.0_s1,mcmaze/runs/20260713_093710_d256_h256_dep2_bs64_ep100_lr1e-03_lxp0.0_lbt0.0_lcca1.0_sig10.0_s1/outputs/velocity_prediction_finetune_dim256_seed0_100ms,finetuned_mlp,pretrained,output,256,4936.96142578125,5631.35400390625,70.26351165771484,75.04235076904297,72.69346618652344,0.9238516092300415,0.8930168747901917,0.908434271812439,0.9613174092270399,0.945284889659225,0.09100710517830318
256,0,20260713_093710_d256_h256_dep2_bs64_ep100_lr1e-03_lxp0.0_lbt0.0_lcca1.0_sig10.0_s1,mcmaze/runs/20260713_093710_d256_h256_dep2_bs64_ep100_lr1e-03_lxp0.0_lbt0.0_lcca1.0_sig10.0_s1/outputs/velocity_prediction_finetune_dim256_seed0_100ms,frozen_mlp,pretrained,output,256,6000.58056640625,6912.67138671875,77.46341705322266,83.1424789428711,80.35408020019531,0.9074462056159973,0.8686746954917908,0.888060450553894,0.9529660660093595,0.9323755729075285,0.11124046891927719
256,1,20260713_093710_d256_h256_dep2_bs64_ep100_lr1e-03_lxp0.0_lbt0.0_lcca1.0_sig10.0_s1,mcmaze/runs/20260713_093710_d256_h256_dep2_bs64_ep100_lr1e-03_lxp0.0_lbt0.0_lcca1.0_sig10.0_s1/outputs/velocity_prediction_finetune_dim256_seed1_100ms_hidden,finetuned_mlp,pretrained,hidden,256,5183.52490234375,5751.09765625,71.9967041015625,75.83599090576172,73.94253540039062,0.9200485944747925,0.8907420039176941,0.9053952693939209,0.9607253395585132,0.9441043682993717,0.09404244108332528
256,1,20260713_093710_d256_h256_dep2_bs64_ep100_lr1e-03_lxp0.0_lbt0.0_lcca1.0_sig10.0_s1,mcmaze/runs/20260713_093710_d256_h256_dep2_bs64_ep100_lr1e-03_lxp0.0_lbt0.0_lcca1.0_sig10.0_s1/outputs/velocity_prediction_finetune_dim256_seed1_100ms_hidden,frozen_mlp,pretrained,hidden,256,6107.482421875,6834.20458984375,78.15038299560547,82.66925048828125,80.44222259521484,0.9057973623275757,0.8701653480529785,0.8879813551902771,0.9522070193164848,0.9330222921420359,0.11133095622062683
256,1,20260713_093710_d256_h256_dep2_bs64_ep100_lr1e-03_lxp0.0_lbt0.0_lcca1.0_sig10.0_s1,mcmaze/runs/20260713_093710_d256_h256_dep2_bs64_ep100_lr1e-03_lxp0.0_lbt0.0_lcca1.0_sig10.0_s1/outputs/velocity_prediction_finetune_dim256_seed1_100ms,finetuned_mlp,pretrained,output,256,4964.3076171875,5500.6025390625,70.45783996582031,74.16604614257812,72.33680725097656,0.9234298467636108,0.8955008387565613,0.9094653129577637,0.9611617692284166,0.9465195375427656,0.08999872787131204
256,1,20260713_093710_d256_h256_dep2_bs64_ep100_lr1e-03_lxp0.0_lbt0.0_lcca1.0_sig10.0_s1,mcmaze/runs/20260713_093710_d256_h256_dep2_bs64_ep100_lr1e-03_lxp0.0_lbt0.0_lcca1.0_sig10.0_s1/outputs/velocity_prediction_finetune_dim256_seed1_100ms,frozen_mlp,pretrained,output,256,6056.56689453125,7064.650390625,77.8239517211914,84.05147552490234,80.99853515625,0.9065827131271362,0.8657873868942261,0.8861850500106812,0.9522522348689495,0.930629317906276,0.11309865862131119
256,2,20260713_093710_d256_h256_dep2_bs64_ep100_lr1e-03_lxp0.0_lbt0.0_lcca1.0_sig10.0_s1,mcmaze/runs/20260713_093710_d256_h256_dep2_bs64_ep100_lr1e-03_lxp0.0_lbt0.0_lcca1.0_sig10.0_s1/outputs/velocity_prediction_finetune_dim256_seed2_100ms_hidden,finetuned_mlp,pretrained,hidden,256,5009.08642578125,5811.6181640625,70.77490234375,76.23397064208984,73.55638122558594,0.9227391481399536,0.8895922303199768,0.9061657190322876,0.9609662980067419,0.9445589337713746,0.09327964733044307
256,2,20260713_093710_d256_h256_dep2_bs64_ep100_lr1e-03_lxp0.0_lbt0.0_lcca1.0_sig10.0_s1,mcmaze/runs/20260713_093710_d256_h256_dep2_bs64_ep100_lr1e-03_lxp0.0_lbt0.0_lcca1.0_sig10.0_s1/outputs/velocity_prediction_finetune_dim256_seed2_100ms_hidden,frozen_mlp,pretrained,hidden,256,6073.1826171875,6742.568359375,77.93062591552734,82.11314392089844,80.04997253417969,0.906326413154602,0.8719062805175781,0.8891163468360901,0.9523055222075107,0.9337726501440077,0.11020664125680923
256,2,20260713_093710_d256_h256_dep2_bs64_ep100_lr1e-03_lxp0.0_lbt0.0_lcca1.0_sig10.0_s1,mcmaze/runs/20260713_093710_d256_h256_dep2_bs64_ep100_lr1e-03_lxp0.0_lbt0.0_lcca1.0_sig10.0_s1/outputs/velocity_prediction_finetune_dim256_seed2_100ms,finetuned_mlp,pretrained,output,256,4857.369140625,5574.63916015625,69.69483184814453,74.66350555419922,72.22297668457031,0.9250792860984802,0.8940942883491516,0.9095867872238159,0.9619980499750969,0.9460134387930681,0.08985598550902472
256,2,20260713_093710_d256_h256_dep2_bs64_ep100_lr1e-03_lxp0.0_lbt0.0_lcca1.0_sig10.0_s1,mcmaze/runs/20260713_093710_d256_h256_dep2_bs64_ep100_lr1e-03_lxp0.0_lbt0.0_lcca1.0_sig10.0_s1/outputs/velocity_prediction_finetune_dim256_seed2_100ms,frozen_mlp,pretrained,output,256,6249.89990234375,6863.08154296875,79.05630493164062,82.84371948242188,80.97344207763672,0.9036006927490234,0.8696168065071106,0.8866087198257446,0.9509045005681952,0.9325783942454666,0.11270514130592346
256,3,20260713_093710_d256_h256_dep2_bs64_ep100_lr1e-03_lxp0.0_lbt0.0_lcca1.0_sig10.0_s1,mcmaze/runs/20260713_093710_d256_h256_dep2_bs64_ep100_lr1e-03_lxp0.0_lbt0.0_lcca1.0_sig10.0_s1/outputs/velocity_prediction_finetune_dim256_seed3_100ms_hidden,finetuned_mlp,pretrained,hidden,256,4945.17333984375,5779.41259765625,70.32192993164062,76.02244567871094,73.22893524169922,0.9237249493598938,0.8902040719985962,0.9069645404815674,0.9612549506623781,0.9436528706352084,0.09246872531043158
256,3,20260713_093710_d256_h256_dep2_bs64_ep100_lr1e-03_lxp0.0_lbt0.0_lcca1.0_sig10.0_s1,mcmaze/runs/20260713_093710_d256_h256_dep2_bs64_ep100_lr1e-03_lxp0.0_lbt0.0_lcca1.0_sig10.0_s1/outputs/velocity_prediction_finetune_dim256_seed3_100ms_hidden,frozen_mlp,pretrained,hidden,256,5880.45361328125,7137.85693359375,76.68411254882812,84.48583984375,80.68009948730469,0.9092990756034851,0.8643966913223267,0.8868478536605835,0.9536775862105171,0.9310460112710146,0.1124221459031105
256,3,20260713_093710_d256_h256_dep2_bs64_ep100_lr1e-03_lxp0.0_lbt0.0_lcca1.0_sig10.0_s1,mcmaze/runs/20260713_093710_d256_h256_dep2_bs64_ep100_lr1e-03_lxp0.0_lbt0.0_lcca1.0_sig10.0_s1/outputs/velocity_prediction_finetune_dim256_seed3_100ms,finetuned_mlp,pretrained,output,256,4929.5751953125,5659.6650390625,70.21092987060547,75.23074340820312,72.76524353027344,0.923965573310852,0.8924790024757385,0.9082223176956177,0.9612926187532553,0.9451542587094509,0.09124058071109983
256,3,20260713_093710_d256_h256_dep2_bs64_ep100_lr1e-03_lxp0.0_lbt0.0_lcca1.0_sig10.0_s1,mcmaze/runs/20260713_093710_d256_h256_dep2_bs64_ep100_lr1e-03_lxp0.0_lbt0.0_lcca1.0_sig10.0_s1/outputs/velocity_prediction_finetune_dim256_seed3_100ms,frozen_mlp,pretrained,output,256,6118.03076171875,7109.98828125,78.21784210205078,84.32074737548828,81.32779693603516,0.9056346416473389,0.8649260997772217,0.8852803707122803,0.9517028046762366,0.9307153942360419,0.1140000969171524
256,4,20260713_093710_d256_h256_dep2_bs64_ep100_lr1e-03_lxp0.0_lbt0.0_lcca1.0_sig10.0_s1,mcmaze/runs/20260713_093710_d256_h256_dep2_bs64_ep100_lr1e-03_lxp0.0_lbt0.0_lcca1.0_sig10.0_s1/outputs/velocity_prediction_finetune_dim256_seed4_100ms_hidden,finetuned_mlp,pretrained,hidden,256,5001.40966796875,5828.6123046875,70.72064208984375,76.34535217285156,73.58796691894531,0.9228575825691223,0.8892694115638733,0.9060634970664978,0.9606555022094875,0.9437693583483184,0.09337207095490561
256,4,20260713_093710_d256_h256_dep2_bs64_ep100_lr1e-03_lxp0.0_lbt0.0_lcca1.0_sig10.0_s1,mcmaze/runs/20260713_093710_d256_h256_dep2_bs64_ep100_lr1e-03_lxp0.0_lbt0.0_lcca1.0_sig10.0_s1/outputs/velocity_prediction_finetune_dim256_seed4_100ms_hidden,frozen_mlp,pretrained,hidden,256,6077.345703125,6791.62158203125,77.95732879638672,82.41129302978516,80.21595001220703,0.9062621593475342,0.8709743618965149,0.8886182308197021,0.9520451343748989,0.9333190303614511,0.11069868505001068
256,4,20260713_093710_d256_h256_dep2_bs64_ep100_lr1e-03_lxp0.0_lbt0.0_lcca1.0_sig10.0_s1,mcmaze/runs/20260713_093710_d256_h256_dep2_bs64_ep100_lr1e-03_lxp0.0_lbt0.0_lcca1.0_sig10.0_s1/outputs/velocity_prediction_finetune_dim256_seed4_100ms,finetuned_mlp,pretrained,output,256,5000.591796875,5561.98486328125,70.71485900878906,74.5787124633789,72.673583984375,0.9228701591491699,0.8943347334861755,0.9086024761199951,0.9611716364430369,0.9459143321520972,0.09085619946320851
256,4,20260713_093710_d256_h256_dep2_bs64_ep100_lr1e-03_lxp0.0_lbt0.0_lcca1.0_sig10.0_s1,mcmaze/runs/20260713_093710_d256_h256_dep2_bs64_ep100_lr1e-03_lxp0.0_lbt0.0_lcca1.0_sig10.0_s1/outputs/velocity_prediction_finetune_dim256_seed4_100ms,frozen_mlp,pretrained,output,256,6056.896484375,7065.6953125,77.82606506347656,84.05769348144531,81.00284576416016,0.9065775871276855,0.8657675981521606,0.8861725926399231,0.9522369689969697,0.9309356664413471,0.11311116814613342
512,0,20260713_094453_d512_h256_dep2_bs64_ep100_lr1e-03_lxp0.0_lbt0.0_lcca1.0_sig10.0_s1,mcmaze/runs/20260713_094453_d512_h256_dep2_bs64_ep100_lr1e-03_lxp0.0_lbt0.0_lcca1.0_sig10.0_s1/outputs/velocity_prediction_finetune_dim512_seed0_100ms_hidden,finetuned_mlp,pretrained,hidden,256,4978.4912109375,5635.39013671875,70.55842590332031,75.0692367553711,72.8499984741211,0.9232110977172852,0.8929401636123657,0.9080756306648254,0.9608387923947417,0.9455271820752281,0.09137542959716585
512,0,20260713_094453_d512_h256_dep2_bs64_ep100_lr1e-03_lxp0.0_lbt0.0_lcca1.0_sig10.0_s1,mcmaze/runs/20260713_094453_d512_h256_dep2_bs64_ep100_lr1e-03_lxp0.0_lbt0.0_lcca1.0_sig10.0_s1/outputs/velocity_prediction_finetune_dim512_seed0_100ms_hidden,frozen_mlp,pretrained,hidden,256,5849.783203125,6755.01123046875,76.48387908935547,82.18887329101562,79.38825225830078,0.9097721576690674,0.8716698884963989,0.8907210230827332,0.954259674536177,0.933891762853784,0.10859467089176178
512,0,20260713_094453_d512_h256_dep2_bs64_ep100_lr1e-03_lxp0.0_lbt0.0_lcca1.0_sig10.0_s1,mcmaze/runs/20260713_094453_d512_h256_dep2_bs64_ep100_lr1e-03_lxp0.0_lbt0.0_lcca1.0_sig10.0_s1/outputs/velocity_prediction_finetune_dim512_seed0_100ms,finetuned_mlp,pretrained,output,512,5032.4560546875,5667.123046875,70.93980407714844,75.2802963256836,73.14353942871094,0.9223787188529968,0.8923373222351074,0.9073580503463745,0.9607579381696236,0.9450106513591451,0.09209501246611278
512,0,20260713_094453_d512_h256_dep2_bs64_ep100_lr1e-03_lxp0.0_lbt0.0_lcca1.0_sig10.0_s1,mcmaze/runs/20260713_094453_d512_h256_dep2_bs64_ep100_lr1e-03_lxp0.0_lbt0.0_lcca1.0_sig10.0_s1/outputs/velocity_prediction_finetune_dim512_seed0_100ms,frozen_mlp,pretrained,output,512,6467.25537109375,6972.30615234375,80.41925048828125,83.50033569335938,81.97541046142578,0.9002481698989868,0.8675417900085449,0.8838949799537659,0.9489330399406827,0.9316559392938413,0.1154104620218277
512,1,20260713_094453_d512_h256_dep2_bs64_ep100_lr1e-03_lxp0.0_lbt0.0_lcca1.0_sig10.0_s1,mcmaze/runs/20260713_094453_d512_h256_dep2_bs64_ep100_lr1e-03_lxp0.0_lbt0.0_lcca1.0_sig10.0_s1/outputs/velocity_prediction_finetune_dim512_seed1_100ms_hidden,finetuned_mlp,pretrained,hidden,256,5014.52734375,5637.78564453125,70.81332397460938,75.08518981933594,72.98178100585938,0.9226552248001099,0.8928946852684021,0.9077749252319336,0.9609633122231387,0.9449774765596032,0.0916883639163441
512,1,20260713_094453_d512_h256_dep2_bs64_ep100_lr1e-03_lxp0.0_lbt0.0_lcca1.0_sig10.0_s1,mcmaze/runs/20260713_094453_d512_h256_dep2_bs64_ep100_lr1e-03_lxp0.0_lbt0.0_lcca1.0_sig10.0_s1/outputs/velocity_prediction_finetune_dim512_seed1_100ms_hidden,frozen_mlp,pretrained,hidden,256,5908.28564453125,6809.02197265625,76.86537170410156,82.51679992675781,79.74193572998047,0.9088698029518127,0.8706437945365906,0.8897567987442017,0.9537320361550188,0.93332688102085,0.10955405980348587
512,1,20260713_094453_d512_h256_dep2_bs64_ep100_lr1e-03_lxp0.0_lbt0.0_lcca1.0_sig10.0_s1,mcmaze/runs/20260713_094453_d512_h256_dep2_bs64_ep100_lr1e-03_lxp0.0_lbt0.0_lcca1.0_sig10.0_s1/outputs/velocity_prediction_finetune_dim512_seed1_100ms,finetuned_mlp,pretrained,output,512,5169.7763671875,5715.08984375,71.90115356445312,75.59821319580078,73.77410125732422,0.9202606678009033,0.8914260864257812,0.9058433771133423,0.95932079890838,0.9445066485440006,0.09361672732565138
512,1,20260713_094453_d512_h256_dep2_bs64_ep100_lr1e-03_lxp0.0_lbt0.0_lcca1.0_sig10.0_s1,mcmaze/runs/20260713_094453_d512_h256_dep2_bs64_ep100_lr1e-03_lxp0.0_lbt0.0_lcca1.0_sig10.0_s1/outputs/velocity_prediction_finetune_dim512_seed1_100ms,frozen_mlp,pretrained,output,512,6358.646484375,7192.498046875,79.74111938476562,84.80859375,82.31501007080078,0.9019233584403992,0.8633586168289185,0.8826409578323364,0.9498676454503652,0.9298706557692232,0.11663489788770676
512,2,20260713_094453_d512_h256_dep2_bs64_ep100_lr1e-03_lxp0.0_lbt0.0_lcca1.0_sig10.0_s1,mcmaze/runs/20260713_094453_d512_h256_dep2_bs64_ep100_lr1e-03_lxp0.0_lbt0.0_lcca1.0_sig10.0_s1/outputs/velocity_prediction_finetune_dim512_seed2_100ms_hidden,finetuned_mlp,pretrained,hidden,256,5166.1982421875,5484.16015625,71.87627410888672,74.05511474609375,72.97496032714844,0.9203158617019653,0.8958132266998291,0.9080645442008972,0.9600426128928139,0.946726103318454,0.09142132682932748
512,2,20260713_094453_d512_h256_dep2_bs64_ep100_lr1e-03_lxp0.0_lbt0.0_lcca1.0_sig10.0_s1,mcmaze/runs/20260713_094453_d512_h256_dep2_bs64_ep100_lr1e-03_lxp0.0_lbt0.0_lcca1.0_sig10.0_s1/outputs/velocity_prediction_finetune_dim512_seed2_100ms_hidden,frozen_mlp,pretrained,hidden,256,5937.45263671875,6805.4013671875,77.05487060546875,82.49485778808594,79.82197570800781,0.9084199070930481,0.8707125782966614,0.8895662426948547,0.9533646460915282,0.934173273289135,0.10974574834108353
512,2,20260713_094453_d512_h256_dep2_bs64_ep100_lr1e-03_lxp0.0_lbt0.0_lcca1.0_sig10.0_s1,mcmaze/runs/20260713_094453_d512_h256_dep2_bs64_ep100_lr1e-03_lxp0.0_lbt0.0_lcca1.0_sig10.0_s1/outputs/velocity_prediction_finetune_dim512_seed2_100ms,finetuned_mlp,pretrained,output,512,5090.0751953125,5564.10302734375,71.34476470947266,74.5929183959961,72.98811340332031,0.921489953994751,0.8942945003509521,0.9078922271728516,0.959969304854419,0.9458420756517907,0.09157356454266442
512,2,20260713_094453_d512_h256_dep2_bs64_ep100_lr1e-03_lxp0.0_lbt0.0_lcca1.0_sig10.0_s1,mcmaze/runs/20260713_094453_d512_h256_dep2_bs64_ep100_lr1e-03_lxp0.0_lbt0.0_lcca1.0_sig10.0_s1/outputs/velocity_prediction_finetune_dim512_seed2_100ms,frozen_mlp,pretrained,output,512,6275.4619140625,7112.89697265625,79.21781158447266,84.3379898071289,81.81916809082031,0.9032064080238342,0.8648708462715149,0.8840386271476746,0.9508805187136816,0.9300918903517249,0.11524517834186554
512,3,20260713_094453_d512_h256_dep2_bs64_ep100_lr1e-03_lxp0.0_lbt0.0_lcca1.0_sig10.0_s1,mcmaze/runs/20260713_094453_d512_h256_dep2_bs64_ep100_lr1e-03_lxp0.0_lbt0.0_lcca1.0_sig10.0_s1/outputs/velocity_prediction_finetune_dim512_seed3_100ms_hidden,finetuned_mlp,pretrained,hidden,256,5022.11474609375,5740.93310546875,70.86688232421875,75.7689437866211,73.36013793945312,0.9225382208824158,0.8909350633621216,0.9067366123199463,0.9605676810340193,0.9443868338835523,0.09270490871535407
512,3,20260713_094453_d512_h256_dep2_bs64_ep100_lr1e-03_lxp0.0_lbt0.0_lcca1.0_sig10.0_s1,mcmaze/runs/20260713_094453_d512_h256_dep2_bs64_ep100_lr1e-03_lxp0.0_lbt0.0_lcca1.0_sig10.0_s1/outputs/velocity_prediction_finetune_dim512_seed3_100ms_hidden,frozen_mlp,pretrained,hidden,256,5768.42431640625,6852.958984375,75.95014190673828,82.78260040283203,79.44059753417969,0.9110270142555237,0.869809091091156,0.8904180526733398,0.9545218261004591,0.9333542336938394,0.10888399183750153
512,3,20260713_094453_d512_h256_dep2_bs64_ep100_lr1e-03_lxp0.0_lbt0.0_lcca1.0_sig10.0_s1,mcmaze/runs/20260713_094453_d512_h256_dep2_bs64_ep100_lr1e-03_lxp0.0_lbt0.0_lcca1.0_sig10.0_s1/outputs/velocity_prediction_finetune_dim512_seed3_100ms,finetuned_mlp,pretrained,output,512,5080.5576171875,5590.70166015625,71.27803039550781,74.77099609375,73.04664611816406,0.9216367602348328,0.8937891721725464,0.9077129364013672,0.9600752870690972,0.9454164426443583,0.09176747914817598
512,3,20260713_094453_d512_h256_dep2_bs64_ep100_lr1e-03_lxp0.0_lbt0.0_lcca1.0_sig10.0_s1,mcmaze/runs/20260713_094453_d512_h256_dep2_bs64_ep100_lr1e-03_lxp0.0_lbt0.0_lcca1.0_sig10.0_s1/outputs/velocity_prediction_finetune_dim512_seed3_100ms,frozen_mlp,pretrained,output,512,6261.2490234375,7074.69580078125,79.1280517578125,84.11121368408203,81.65869903564453,0.9034256339073181,0.8655965924263,0.8845111131668091,0.9506233853899978,0.9306920687387068,0.11477654427289963
512,4,20260713_094453_d512_h256_dep2_bs64_ep100_lr1e-03_lxp0.0_lbt0.0_lcca1.0_sig10.0_s1,mcmaze/runs/20260713_094453_d512_h256_dep2_bs64_ep100_lr1e-03_lxp0.0_lbt0.0_lcca1.0_sig10.0_s1/outputs/velocity_prediction_finetune_dim512_seed4_100ms_hidden,finetuned_mlp,pretrained,hidden,256,5029.7568359375,5590.53955078125,70.9207763671875,74.76991271972656,72.87200927734375,0.92242032289505,0.8937922716140747,0.9081063270568848,0.9604433982109509,0.9459749697728793,0.09134256508615282
512,4,20260713_094453_d512_h256_dep2_bs64_ep100_lr1e-03_lxp0.0_lbt0.0_lcca1.0_sig10.0_s1,mcmaze/runs/20260713_094453_d512_h256_dep2_bs64_ep100_lr1e-03_lxp0.0_lbt0.0_lcca1.0_sig10.0_s1/outputs/velocity_prediction_finetune_dim512_seed4_100ms_hidden,frozen_mlp,pretrained,hidden,256,5804.08349609375,6860.5908203125,76.18453216552734,82.82868194580078,79.57659149169922,0.9104770421981812,0.8696640729904175,0.8900705575942993,0.9541933288934509,0.932757870509952,0.10923106223344803
512,4,20260713_094453_d512_h256_dep2_bs64_ep100_lr1e-03_lxp0.0_lbt0.0_lcca1.0_sig10.0_s1,mcmaze/runs/20260713_094453_d512_h256_dep2_bs64_ep100_lr1e-03_lxp0.0_lbt0.0_lcca1.0_sig10.0_s1/outputs/velocity_prediction_finetune_dim512_seed4_100ms,finetuned_mlp,pretrained,output,512,5249.93017578125,5624.4658203125,72.45640563964844,74.9964370727539,73.73857879638672,0.9190243482589722,0.8931477069854736,0.9060860276222229,0.9591490620904731,0.9451865473684797,0.09338101744651794
512,4,20260713_094453_d512_h256_dep2_bs64_ep100_lr1e-03_lxp0.0_lbt0.0_lcca1.0_sig10.0_s1,mcmaze/runs/20260713_094453_d512_h256_dep2_bs64_ep100_lr1e-03_lxp0.0_lbt0.0_lcca1.0_sig10.0_s1/outputs/velocity_prediction_finetune_dim512_seed4_100ms,frozen_mlp,pretrained,output,512,6265.46728515625,6975.060546875,79.15470123291016,83.51683044433594,81.36634063720703,0.9033605456352234,0.8674894571304321,0.8854249715805054,0.9507204752343908,0.9314684091272857,0.11387579888105392
1024,0,20260713_094633_d1024_h256_dep2_bs64_ep100_lr1e-03_lxp0.0_lbt0.0_lcca1.0_sig10.0_s1,mcmaze/runs/20260713_094633_d1024_h256_dep2_bs64_ep100_lr1e-03_lxp0.0_lbt0.0_lcca1.0_sig10.0_s1/outputs/velocity_prediction_finetune_dim1024_seed0_100ms_hidden,finetuned_mlp,pretrained,hidden,256,4987.8193359375,5697.10302734375,70.62449645996094,75.47915649414062,73.09332275390625,0.9230672121047974,0.8917677402496338,0.9074174761772156,0.9609443453390101,0.9445910661649602,0.09203580849700504
1024,0,20260713_094633_d1024_h256_dep2_bs64_ep100_lr1e-03_lxp0.0_lbt0.0_lcca1.0_sig10.0_s1,mcmaze/runs/20260713_094633_d1024_h256_dep2_bs64_ep100_lr1e-03_lxp0.0_lbt0.0_lcca1.0_sig10.0_s1/outputs/velocity_prediction_finetune_dim1024_seed0_100ms_hidden,frozen_mlp,pretrained,hidden,256,5920.9169921875,6832.50439453125,76.94749450683594,82.65896606445312,79.85514068603516,0.908674955368042,0.8701976537704468,0.8894363045692444,0.9535629434292717,0.9332615499771592,0.10987218469381332
1024,0,20260713_094633_d1024_h256_dep2_bs64_ep100_lr1e-03_lxp0.0_lbt0.0_lcca1.0_sig10.0_s1,mcmaze/runs/20260713_094633_d1024_h256_dep2_bs64_ep100_lr1e-03_lxp0.0_lbt0.0_lcca1.0_sig10.0_s1/outputs/velocity_prediction_finetune_dim1024_seed0_100ms,finetuned_mlp,pretrained,output,1024,5208.65478515625,5681.5498046875,72.17101287841797,75.37605285644531,73.79205322265625,0.9196609854698181,0.8920632600784302,0.9058620929718018,0.9590324589801529,0.9447971019706287,0.093608434829447
1024,0,20260713_094633_d1024_h256_dep2_bs64_ep100_lr1e-03_lxp0.0_lbt0.0_lcca1.0_sig10.0_s1,mcmaze/runs/20260713_094633_d1024_h256_dep2_bs64_ep100_lr1e-03_lxp0.0_lbt0.0_lcca1.0_sig10.0_s1/outputs/velocity_prediction_finetune_dim1024_seed0_100ms,frozen_mlp,pretrained,output,1024,6557.46630859375,7204.1787109375,80.97818756103516,84.87743377685547,82.95166015625,0.8988567590713501,0.8631367087364197,0.8809967041015625,0.9482501528339999,0.9294507399634132,0.1182820126414299
1024,1,20260713_094633_d1024_h256_dep2_bs64_ep100_lr1e-03_lxp0.0_lbt0.0_lcca1.0_sig10.0_s1,mcmaze/runs/20260713_094633_d1024_h256_dep2_bs64_ep100_lr1e-03_lxp0.0_lbt0.0_lcca1.0_sig10.0_s1/outputs/velocity_prediction_finetune_dim1024_seed1_100ms_hidden,finetuned_mlp,pretrained,hidden,256,5052.310546875,5673.65625,71.07960510253906,75.32367706298828,73.23374938964844,0.9220724701881409,0.8922132253646851,0.9071428775787354,0.9604880025963458,0.9450842672856635,0.09232066985633638
1024,1,20260713_094633_d1024_h256_dep2_bs64_ep100_lr1e-03_lxp0.0_lbt0.0_lcca1.0_sig10.0_s1,mcmaze/runs/20260713_094633_d1024_h256_dep2_bs64_ep100_lr1e-03_lxp0.0_lbt0.0_lcca1.0_sig10.0_s1/outputs/velocity_prediction_finetune_dim1024_seed1_100ms_hidden,frozen_mlp,pretrained,hidden,256,5762.17626953125,6643.0908203125,75.90899658203125,81.50515747070312,78.75751495361328,0.9111233949661255,0.8737961053848267,0.8924597501754761,0.9548585824083603,0.9348097341043703,0.10686776787042618
1024,1,20260713_094633_d1024_h256_dep2_bs64_ep100_lr1e-03_lxp0.0_lbt0.0_lcca1.0_sig10.0_s1,mcmaze/runs/20260713_094633_d1024_h256_dep2_bs64_ep100_lr1e-03_lxp0.0_lbt0.0_lcca1.0_sig10.0_s1/outputs/velocity_prediction_finetune_dim1024_seed1_100ms,finetuned_mlp,pretrained,output,1024,5188.04150390625,5791.40234375,72.02806091308594,76.10126495361328,74.0939712524414,0.91997891664505,0.8899762630462646,0.904977560043335,0.9592997332144246,0.9437913430937739,0.0944744563764996
1024,1,20260713_094633_d1024_h256_dep2_bs64_ep100_lr1e-03_lxp0.0_lbt0.0_lcca1.0_sig10.0_s1,mcmaze/runs/20260713_094633_d1024_h256_dep2_bs64_ep100_lr1e-03_lxp0.0_lbt0.0_lcca1.0_sig10.0_s1/outputs/velocity_prediction_finetune_dim1024_seed1_100ms,frozen_mlp,pretrained,output,1024,6716.52001953125,7203.66748046875,81.95437622070312,84.87442016601562,83.42821502685547,0.8964034914970398,0.8631464242935181,0.8797749280929565,0.9487953508497974,0.9291548584286061,0.11950790137052536
1024,2,20260713_094633_d1024_h256_dep2_bs64_ep100_lr1e-03_lxp0.0_lbt0.0_lcca1.0_sig10.0_s1,mcmaze/runs/20260713_094633_d1024_h256_dep2_bs64_ep100_lr1e-03_lxp0.0_lbt0.0_lcca1.0_sig10.0_s1/outputs/velocity_prediction_finetune_dim1024_seed2_100ms_hidden,finetuned_mlp,pretrained,hidden,256,5029.68359375,5746.43701171875,70.9202651977539,75.80525970458984,73.40454864501953,0.9224214553833008,0.8908305168151855,0.9066259860992432,0.9607269165069483,0.9442316902589865,0.09282708250814015
1024,2,20260713_094633_d1024_h256_dep2_bs64_ep100_lr1e-03_lxp0.0_lbt0.0_lcca1.0_sig10.0_s1,mcmaze/runs/20260713_094633_d1024_h256_dep2_bs64_ep100_lr1e-03_lxp0.0_lbt0.0_lcca1.0_sig10.0_s1/outputs/velocity_prediction_finetune_dim1024_seed2_100ms_hidden,frozen_mlp,pretrained,hidden,256,5822.80517578125,6733.15966796875,76.30730438232422,82.05583190917969,79.23443603515625,0.9101882576942444,0.8720849752426147,0.891136646270752,0.9540521959147292,0.9339482847835222,0.10818134248256683
1024,2,20260713_094633_d1024_h256_dep2_bs64_ep100_lr1e-03_lxp0.0_lbt0.0_lcca1.0_sig10.0_s1,mcmaze/runs/20260713_094633_d1024_h256_dep2_bs64_ep100_lr1e-03_lxp0.0_lbt0.0_lcca1.0_sig10.0_s1/outputs/velocity_prediction_finetune_dim1024_seed2_100ms,finetuned_mlp,pretrained,output,1024,5340.2841796875,5662.40478515625,73.0772476196289,75.24895477294922,74.17215728759766,0.9176307320594788,0.8924269676208496,0.9050288200378418,0.9587130267236769,0.9449387067835504,0.09444639500644472
1024,2,20260713_094633_d1024_h256_dep2_bs64_ep100_lr1e-03_lxp0.0_lbt0.0_lcca1.0_sig10.0_s1,mcmaze/runs/20260713_094633_d1024_h256_dep2_bs64_ep100_lr1e-03_lxp0.0_lbt0.0_lcca1.0_sig10.0_s1/outputs/velocity_prediction_finetune_dim1024_seed2_100ms,frozen_mlp,pretrained,output,1024,6560.85986328125,7142.17041015625,80.99913787841797,84.51136016845703,82.77498626708984,0.8988044261932373,0.8643147349357605,0.8815596103668213,0.9482943505943534,0.9297140670434247,0.11772727966308594
1024,3,20260713_094633_d1024_h256_dep2_bs64_ep100_lr1e-03_lxp0.0_lbt0.0_lcca1.0_sig10.0_s1,mcmaze/runs/20260713_094633_d1024_h256_dep2_bs64_ep100_lr1e-03_lxp0.0_lbt0.0_lcca1.0_sig10.0_s1/outputs/velocity_prediction_finetune_dim1024_seed3_100ms_hidden,finetuned_mlp,pretrained,hidden,256,5004.19189453125,5614.62744140625,70.74031066894531,74.93081665039062,72.8667984008789,0.922814667224884,0.8933346271514893,0.9080746173858643,0.9607684247953641,0.9451939597787432,0.0913943921526273
1024,3,20260713_094633_d1024_h256_dep2_bs64_ep100_lr1e-03_lxp0.0_lbt0.0_lcca1.0_sig10.0_s1,mcmaze/runs/20260713_094633_d1024_h256_dep2_bs64_ep100_lr1e-03_lxp0.0_lbt0.0_lcca1.0_sig10.0_s1/outputs/velocity_prediction_finetune_dim1024_seed3_100ms_hidden,frozen_mlp,pretrained,hidden,256,5905.38916015625,6803.93701171875,76.84652709960938,82.48597717285156,79.7168960571289,0.9089144468307495,0.8707404136657715,0.8898274302482605,0.9536633607891074,0.9331986419613385,0.1094839945435524
1024,3,20260713_094633_d1024_h256_dep2_bs64_ep100_lr1e-03_lxp0.0_lbt0.0_lcca1.0_sig10.0_s1,mcmaze/runs/20260713_094633_d1024_h256_dep2_bs64_ep100_lr1e-03_lxp0.0_lbt0.0_lcca1.0_sig10.0_s1/outputs/velocity_prediction_finetune_dim1024_seed3_100ms,finetuned_mlp,pretrained,output,1024,5261.95703125,5771.06396484375,72.53934478759766,75.96752166748047,74.27436828613281,0.9188388586044312,0.8903626799583435,0.9046007394790649,0.9589671490004045,0.943821053281854,0.09485125955608156
1024,3,20260713_094633_d1024_h256_dep2_bs64_ep100_lr1e-03_lxp0.0_lbt0.0_lcca1.0_sig10.0_s1,mcmaze/runs/20260713_094633_d1024_h256_dep2_bs64_ep100_lr1e-03_lxp0.0_lbt0.0_lcca1.0_sig10.0_s1/outputs/velocity_prediction_finetune_dim1024_seed3_100ms,frozen_mlp,pretrained,output,1024,6481.98828125,7294.23876953125,80.51079559326172,85.40631866455078,82.995849609375,0.9000208973884583,0.8614257574081421,0.8807233572006226,0.9488431185464626,0.9284905083155441,0.11854328960180283
1024,4,20260713_094633_d1024_h256_dep2_bs64_ep100_lr1e-03_lxp0.0_lbt0.0_lcca1.0_sig10.0_s1,mcmaze/runs/20260713_094633_d1024_h256_dep2_bs64_ep100_lr1e-03_lxp0.0_lbt0.0_lcca1.0_sig10.0_s1/outputs/velocity_prediction_finetune_dim1024_seed4_100ms_hidden,finetuned_mlp,pretrained,hidden,256,5064.796875,5700.9345703125,71.16738891601562,75.50453186035156,73.36927032470703,0.9218798875808716,0.891694962978363,0.9067873954772949,0.960491476750327,0.9444271420762794,0.09268600824806425
1024,4,20260713_094633_d1024_h256_dep2_bs64_ep100_lr1e-03_lxp0.0_lbt0.0_lcca1.0_sig10.0_s1,mcmaze/runs/20260713_094633_d1024_h256_dep2_bs64_ep100_lr1e-03_lxp0.0_lbt0.0_lcca1.0_sig10.0_s1/outputs/velocity_prediction_finetune_dim1024_seed4_100ms_hidden,frozen_mlp,pretrained,hidden,256,5938.36669921875,6765.71923828125,77.06079864501953,82.25399017333984,79.70024871826172,0.9084057807922363,0.8714664578437805,0.889936089515686,0.9531896849610947,0.9339148134024752,0.10938014090061188
1024,4,20260713_094633_d1024_h256_dep2_bs64_ep100_lr1e-03_lxp0.0_lbt0.0_lcca1.0_sig10.0_s1,mcmaze/runs/20260713_094633_d1024_h256_dep2_bs64_ep100_lr1e-03_lxp0.0_lbt0.0_lcca1.0_sig10.0_s1/outputs/velocity_prediction_finetune_dim1024_seed4_100ms,finetuned_mlp,pretrained,output,1024,5245.50537109375,5716.359375,72.42585754394531,75.60660552978516,74.03456115722656,0.91909259557724,0.8914019465446472,0.9052472710609436,0.9588176856639431,0.9447156121571617,0.09422012087371615
1024,4,20260713_094633_d1024_h256_dep2_bs64_ep100_lr1e-03_lxp0.0_lbt0.0_lcca1.0_sig10.0_s1,mcmaze/runs/20260713_094633_d1024_h256_dep2_bs64_ep100_lr1e-03_lxp0.0_lbt0.0_lcca1.0_sig10.0_s1/outputs/velocity_prediction_finetune_dim1024_seed4_100ms,frozen_mlp,pretrained,output,1024,6616.73486328125,7312.150390625,81.34331512451172,85.51111602783203,83.454345703125,0.8979425430297852,0.8610854744911194,0.8795139789581299,0.9479089947634681,0.9287186388777177,0.11975342035293579
2048,0,20260713_094944_d2048_h256_dep2_bs64_ep100_lr1e-03_lxp0.0_lbt0.0_lcca1.0_sig10.0_s1,mcmaze/runs/20260713_094944_d2048_h256_dep2_bs64_ep100_lr1e-03_lxp0.0_lbt0.0_lcca1.0_sig10.0_s1/outputs/velocity_prediction_finetune_dim2048_seed0_100ms_hidden,finetuned_mlp,pretrained,hidden,256,5029.8779296875,5784.728515625,70.921630859375,76.05740356445312,73.53559112548828,0.922418475151062,0.8901031017303467,0.9062607884407043,0.9609151721253955,0.9435122976971407,0.09317700233724382
2048,0,20260713_094944_d2048_h256_dep2_bs64_ep100_lr1e-03_lxp0.0_lbt0.0_lcca1.0_sig10.0_s1,mcmaze/runs/20260713_094944_d2048_h256_dep2_bs64_ep100_lr1e-03_lxp0.0_lbt0.0_lcca1.0_sig10.0_s1/outputs/velocity_prediction_finetune_dim2048_seed0_100ms_hidden,frozen_mlp,pretrained,hidden,256,5963.24755859375,6793.63232421875,77.2220687866211,82.42349243164062,79.86599731445312,0.9080220460891724,0.8709361553192139,0.8894791007041931,0.9529614204838012,0.9333936488980481,0.10983526706695557
2048,0,20260713_094944_d2048_h256_dep2_bs64_ep100_lr1e-03_lxp0.0_lbt0.0_lcca1.0_sig10.0_s1,mcmaze/runs/20260713_094944_d2048_h256_dep2_bs64_ep100_lr1e-03_lxp0.0_lbt0.0_lcca1.0_sig10.0_s1/outputs/velocity_prediction_finetune_dim2048_seed0_100ms,finetuned_mlp,pretrained,output,2048,5304.8779296875,5793.64599609375,72.8345947265625,76.11600494384766,74.4947509765625,0.9181768298149109,0.8899336457252502,0.9040552377700806,0.9587285741732544,0.9434280417012525,0.09538208444913228
2048,0,20260713_094944_d2048_h256_dep2_bs64_ep100_lr1e-03_lxp0.0_lbt0.0_lcca1.0_sig10.0_s1,mcmaze/runs/20260713_094944_d2048_h256_dep2_bs64_ep100_lr1e-03_lxp0.0_lbt0.0_lcca1.0_sig10.0_s1/outputs/velocity_prediction_finetune_dim2048_seed0_100ms,frozen_mlp,pretrained,output,2048,6657.00244140625,7480.98291015625,81.5904541015625,86.49267578125,84.0781021118164,0.8973214626312256,0.8578780293464661,0.8775997161865234,0.9484566695015412,0.927149231246146,0.12164711207151413
2048,1,20260713_094944_d2048_h256_dep2_bs64_ep100_lr1e-03_lxp0.0_lbt0.0_lcca1.0_sig10.0_s1,mcmaze/runs/20260713_094944_d2048_h256_dep2_bs64_ep100_lr1e-03_lxp0.0_lbt0.0_lcca1.0_sig10.0_s1/outputs/velocity_prediction_finetune_dim2048_seed1_100ms_hidden,finetuned_mlp,pretrained,hidden,256,4966.93994140625,5857.021484375,70.47651672363281,76.53118133544922,73.56763458251953,0.9233892560005188,0.8887296915054321,0.9060595035552979,0.9609649742853703,0.9433841843537543,0.09337036063273747
2048,1,20260713_094944_d2048_h256_dep2_bs64_ep100_lr1e-03_lxp0.0_lbt0.0_lcca1.0_sig10.0_s1,mcmaze/runs/20260713_094944_d2048_h256_dep2_bs64_ep100_lr1e-03_lxp0.0_lbt0.0_lcca1.0_sig10.0_s1/outputs/velocity_prediction_finetune_dim2048_seed1_100ms_hidden,frozen_mlp,pretrained,hidden,256,5850.94189453125,6795.34423828125,76.49144744873047,82.43387603759766,79.51890563964844,0.9097542762756348,0.8709036111831665,0.8903289437294006,0.9540067738714096,0.934430744115802,0.10898209363222122
2048,1,20260713_094944_d2048_h256_dep2_bs64_ep100_lr1e-03_lxp0.0_lbt0.0_lcca1.0_sig10.0_s1,mcmaze/runs/20260713_094944_d2048_h256_dep2_bs64_ep100_lr1e-03_lxp0.0_lbt0.0_lcca1.0_sig10.0_s1/outputs/velocity_prediction_finetune_dim2048_seed1_100ms,finetuned_mlp,pretrained,output,2048,5327.0087890625,5868.74169921875,72.98635864257812,76.60771179199219,74.82015228271484,0.9178354740142822,0.8885070085525513,0.9031712412834167,0.9580936523737484,0.9427184209372522,0.09627717981735866
2048,1,20260713_094944_d2048_h256_dep2_bs64_ep100_lr1e-03_lxp0.0_lbt0.0_lcca1.0_sig10.0_s1,mcmaze/runs/20260713_094944_d2048_h256_dep2_bs64_ep100_lr1e-03_lxp0.0_lbt0.0_lcca1.0_sig10.0_s1/outputs/velocity_prediction_finetune_dim2048_seed1_100ms,frozen_mlp,pretrained,output,2048,6698.142578125,7437.2158203125,81.84217834472656,86.23929595947266,84.07015991210938,0.8966869115829468,0.8587095141410828,0.8776981830596924,0.9469504565093982,0.9269148867863899,0.12155453115701675
2048,2,20260713_094944_d2048_h256_dep2_bs64_ep100_lr1e-03_lxp0.0_lbt0.0_lcca1.0_sig10.0_s1,mcmaze/runs/20260713_094944_d2048_h256_dep2_bs64_ep100_lr1e-03_lxp0.0_lbt0.0_lcca1.0_sig10.0_s1/outputs/velocity_prediction_finetune_dim2048_seed2_100ms_hidden,finetuned_mlp,pretrained,hidden,256,5038.720703125,5801.94580078125,70.98394775390625,76.17050170898438,73.62425994873047,0.9222820997238159,0.8897759914398193,0.9060290455818176,0.9604163742148999,0.9445603229170221,0.09340447021855248
2048,2,20260713_094944_d2048_h256_dep2_bs64_ep100_lr1e-03_lxp0.0_lbt0.0_lcca1.0_sig10.0_s1,mcmaze/runs/20260713_094944_d2048_h256_dep2_bs64_ep100_lr1e-03_lxp0.0_lbt0.0_lcca1.0_sig10.0_s1/outputs/velocity_prediction_finetune_dim2048_seed2_100ms_hidden,frozen_mlp,pretrained,hidden,256,5776.66455078125,6899.16162109375,76.0043716430664,83.06119537353516,79.61167907714844,0.9108999371528625,0.8689313530921936,0.8899156451225281,0.9544851595633977,0.9321862826633639,0.109380804002285
2048,2,20260713_094944_d2048_h256_dep2_bs64_ep100_lr1e-03_lxp0.0_lbt0.0_lcca1.0_sig10.0_s1,mcmaze/runs/20260713_094944_d2048_h256_dep2_bs64_ep100_lr1e-03_lxp0.0_lbt0.0_lcca1.0_sig10.0_s1/outputs/velocity_prediction_finetune_dim2048_seed2_100ms,finetuned_mlp,pretrained,output,2048,5289.751953125,5808.5517578125,72.73068237304688,76.21385192871094,74.49382019042969,0.9184101223945618,0.8896504640579224,0.9040303230285645,0.9584598938586856,0.9440381894923275,0.09541069219509761
2048,2,20260713_094944_d2048_h256_dep2_bs64_ep100_lr1e-03_lxp0.0_lbt0.0_lcca1.0_sig10.0_s1,mcmaze/runs/20260713_094944_d2048_h256_dep2_bs64_ep100_lr1e-03_lxp0.0_lbt0.0_lcca1.0_sig10.0_s1/outputs/velocity_prediction_finetune_dim2048_seed2_100ms,frozen_mlp,pretrained,output,2048,6807.88916015625,7366.48095703125,82.50993347167969,85.82820892333984,84.18624114990234,0.8949941992759705,0.860053300857544,0.8775237798690796,0.9463542427136326,0.9274231561647311,0.12174084037542343
2048,3,20260713_094944_d2048_h256_dep2_bs64_ep100_lr1e-03_lxp0.0_lbt0.0_lcca1.0_sig10.0_s1,mcmaze/runs/20260713_094944_d2048_h256_dep2_bs64_ep100_lr1e-03_lxp0.0_lbt0.0_lcca1.0_sig10.0_s1/outputs/velocity_prediction_finetune_dim2048_seed3_100ms_hidden,finetuned_mlp,pretrained,hidden,256,5132.080078125,5721.79248046875,71.63853454589844,75.64253234863281,73.66902160644531,0.9208421111106873,0.8912987112998962,0.9060704112052917,0.9609485872444928,0.9444356110892089,0.09338600767983331
2048,3,20260713_094944_d2048_h256_dep2_bs64_ep100_lr1e-03_lxp0.0_lbt0.0_lcca1.0_sig10.0_s1,mcmaze/runs/20260713_094944_d2048_h256_dep2_bs64_ep100_lr1e-03_lxp0.0_lbt0.0_lcca1.0_sig10.0_s1/outputs/velocity_prediction_finetune_dim2048_seed3_100ms_hidden,frozen_mlp,pretrained,hidden,256,5931.51220703125,6754.89892578125,77.01631164550781,82.18819427490234,79.64495849609375,0.9085115194320679,0.8716720342636108,0.8900917768478394,0.9534493851746306,0.9339540522196529,0.10922615230083466
2048,3,20260713_094944_d2048_h256_dep2_bs64_ep100_lr1e-03_lxp0.0_lbt0.0_lcca1.0_sig10.0_s1,mcmaze/runs/20260713_094944_d2048_h256_dep2_bs64_ep100_lr1e-03_lxp0.0_lbt0.0_lcca1.0_sig10.0_s1/outputs/velocity_prediction_finetune_dim2048_seed3_100ms,finetuned_mlp,pretrained,output,2048,5300.1943359375,5910.3876953125,72.80243682861328,76.87904357910156,74.86984252929688,0.9182490706443787,0.8877158164978027,0.9029824733734131,0.9585515905321558,0.9425078358709772,0.09644120020998849
2048,3,20260713_094944_d2048_h256_dep2_bs64_ep100_lr1e-03_lxp0.0_lbt0.0_lcca1.0_sig10.0_s1,mcmaze/runs/20260713_094944_d2048_h256_dep2_bs64_ep100_lr1e-03_lxp0.0_lbt0.0_lcca1.0_sig10.0_s1/outputs/velocity_prediction_finetune_dim2048_seed3_100ms,frozen_mlp,pretrained,output,2048,6704.98779296875,7437.64990234375,81.88398742675781,86.24181365966797,84.09184265136719,0.8965813517570496,0.8587012887001038,0.8776413202285767,0.9471648658316845,0.9268340798447053,0.12161178141832352
2048,4,20260713_094944_d2048_h256_dep2_bs64_ep100_lr1e-03_lxp0.0_lbt0.0_lcca1.0_sig10.0_s1,mcmaze/runs/20260713_094944_d2048_h256_dep2_bs64_ep100_lr1e-03_lxp0.0_lbt0.0_lcca1.0_sig10.0_s1/outputs/velocity_prediction_finetune_dim2048_seed4_100ms_hidden,finetuned_mlp,pretrained,hidden,256,5128.87109375,5743.4716796875,71.61613464355469,75.78569793701172,73.73169708251953,0.9208915829658508,0.8908868432044983,0.9058892130851746,0.9611289465594646,0.9439608367702734,0.09355175577931935
2048,4,20260713_094944_d2048_h256_dep2_bs64_ep100_lr1e-03_lxp0.0_lbt0.0_lcca1.0_sig10.0_s1,mcmaze/runs/20260713_094944_d2048_h256_dep2_bs64_ep100_lr1e-03_lxp0.0_lbt0.0_lcca1.0_sig10.0_s1/outputs/velocity_prediction_finetune_dim2048_seed4_100ms_hidden,frozen_mlp,pretrained,hidden,256,5968.25146484375,6726.31640625,77.25445556640625,82.01412200927734,79.67053985595703,0.9079448580741882,0.8722150325775146,0.8900799751281738,0.9529155954364766,0.9342075726843487,0.10924231261014938
2048,4,20260713_094944_d2048_h256_dep2_bs64_ep100_lr1e-03_lxp0.0_lbt0.0_lcca1.0_sig10.0_s1,mcmaze/runs/20260713_094944_d2048_h256_dep2_bs64_ep100_lr1e-03_lxp0.0_lbt0.0_lcca1.0_sig10.0_s1/outputs/velocity_prediction_finetune_dim2048_seed4_100ms,finetuned_mlp,pretrained,output,2048,5307.1318359375,5801.6044921875,72.85006713867188,76.16826629638672,74.5290298461914,0.9181420803070068,0.8897824883460999,0.903962254524231,0.9583075057380636,0.9435967834823981,0.09548762689034145
2048,4,20260713_094944_d2048_h256_dep2_bs64_ep100_lr1e-03_lxp0.0_lbt0.0_lcca1.0_sig10.0_s1,mcmaze/runs/20260713_094944_d2048_h256_dep2_bs64_ep100_lr1e-03_lxp0.0_lbt0.0_lcca1.0_sig10.0_s1/outputs/velocity_prediction_finetune_dim2048_seed4_100ms,frozen_mlp,pretrained,output,2048,6681.80712890625,7619.00244140625,81.74232482910156,87.28689575195312,84.5608139038086,0.8969389200210571,0.8552559614181519,0.8760974407196045,0.9474269666210179,0.9249223431326173,0.12313303351402283
