embedding_dim,feature_layer,model,metric,n,mean,ci95_low,ci95_high,ci95_half_width
32,hidden,finetuned_mlp,best_val_mse_z,1,0.09402931812736723,nan,nan,nan
32,hidden,finetuned_mlp,corr_x,1,0.9602806430543953,nan,nan,nan
32,hidden,finetuned_mlp,corr_y,1,0.9435982220318211,nan,nan,nan
32,hidden,finetuned_mlp,mse_x,1,5084.29931640625,nan,nan,nan
32,hidden,finetuned_mlp,mse_y,1,5829.025390625,nan,nan,nan
32,hidden,finetuned_mlp,r2_mean,1,0.9054203033447266,nan,nan,nan
32,hidden,finetuned_mlp,r2_x,1,0.9215790629386902,nan,nan,nan
32,hidden,finetuned_mlp,r2_y,1,0.8892615437507629,nan,nan,nan
32,hidden,finetuned_mlp,rmse_mean,1,73.87032318115234,nan,nan,nan
32,hidden,finetuned_mlp,rmse_x,1,71.30427551269531,nan,nan,nan
32,hidden,finetuned_mlp,rmse_y,1,76.34805297851562,nan,nan,nan
32,hidden,frozen_mlp,best_val_mse_z,1,0.10804809629917145,nan,nan,nan
32,hidden,frozen_mlp,corr_x,1,0.9542799475809165,nan,nan,nan
32,hidden,frozen_mlp,corr_y,1,0.9340161845357147,nan,nan,nan
32,hidden,frozen_mlp,mse_x,1,5797.62646484375,nan,nan,nan
32,hidden,frozen_mlp,mse_y,1,6739.6572265625,nan,nan,nan
32,hidden,frozen_mlp,r2_mean,1,0.8912690877914429,nan,nan,nan
32,hidden,frozen_mlp,r2_x,1,0.910576581954956,nan,nan,nan
32,hidden,frozen_mlp,r2_y,1,0.8719615936279297,nan,nan,nan
32,hidden,frozen_mlp,rmse_mean,1,79.17569732666016,nan,nan,nan
32,hidden,frozen_mlp,rmse_x,1,76.14214324951172,nan,nan,nan
32,hidden,frozen_mlp,rmse_y,1,82.09541320800781,nan,nan,nan
32,output,finetuned_mlp,best_val_mse_z,1,0.0903616597255071,nan,nan,nan
32,output,finetuned_mlp,corr_x,1,0.9618038079358885,nan,nan,nan
32,output,finetuned_mlp,corr_y,1,0.9451825686146343,nan,nan,nan
32,output,finetuned_mlp,mse_x,1,4858.80859375,nan,nan,nan
32,output,finetuned_mlp,mse_y,1,5625.8291015625,nan,nan,nan
32,output,finetuned_mlp,r2_mean,1,0.9090894460678101,nan,nan,nan
32,output,finetuned_mlp,r2_x,1,0.925057053565979,nan,nan,nan
32,output,finetuned_mlp,r2_y,1,0.8931218385696411,nan,nan,nan
32,output,finetuned_mlp,rmse_mean,1,72.40480041503906,nan,nan,nan
32,output,finetuned_mlp,rmse_x,1,69.70515441894531,nan,nan,nan
32,output,finetuned_mlp,rmse_y,1,75.00552368164062,nan,nan,nan
32,output,frozen_mlp,best_val_mse_z,1,0.11525183916091919,nan,nan,nan
32,output,frozen_mlp,corr_x,1,0.951174837530831,nan,nan,nan
32,output,frozen_mlp,corr_y,1,0.9294967369657934,nan,nan,nan
32,output,frozen_mlp,mse_x,1,6198.91162109375,nan,nan,nan
32,output,frozen_mlp,mse_y,1,7176.8623046875,nan,nan,nan
32,output,frozen_mlp,r2_mean,1,0.8840214014053345,nan,nan,nan
32,output,frozen_mlp,r2_x,1,0.9043871164321899,nan,nan,nan
32,output,frozen_mlp,r2_y,1,0.8636556267738342,nan,nan,nan
32,output,frozen_mlp,rmse_mean,1,81.78038024902344,nan,nan,nan
32,output,frozen_mlp,rmse_x,1,78.73316955566406,nan,nan,nan
32,output,frozen_mlp,rmse_y,1,84.71636199951172,nan,nan,nan
64,hidden,finetuned_mlp,best_val_mse_z,5,0.09426732079850302,0.09366557111838968,0.09486907047861635,0.0006017496801133432
64,hidden,finetuned_mlp,corr_x,5,0.9597230168278525,0.9588256188572692,0.9606204147984359,0.0008973979705833138
64,hidden,finetuned_mlp,corr_y,5,0.9434411010610895,0.9429270860051888,0.9439551161169901,0.0005140150559007065
64,hidden,finetuned_mlp,mse_x,5,5140.1845703125,5032.69091199237,5247.67822863263,107.49365832013015
64,hidden,finetuned_mlp,mse_y,5,5810.476171875,5751.859176838564,5869.093166911435,58.616995036435135
64,hidden,finetuned_mlp,r2_mean,5,0.9051655054092407,0.9045689841159836,0.9057620267024977,0.0005965212932570565
64,hidden,finetuned_mlp,r2_x,5,0.9207170844078064,0.9190590813314272,0.9223750874841856,0.0016580030763792214
64,hidden,finetuned_mlp,r2_y,5,0.889613938331604,0.8885003327609605,0.8907275439022474,0.0011136055706434526
64,hidden,finetuned_mlp,rmse_mean,5,73.99642333984374,73.72987585671682,74.26297082297067,0.26654748312692617
64,hidden,finetuned_mlp,rmse_x,5,71.69303894042969,70.94183137898744,72.44424650187193,0.7512075614422467
64,hidden,finetuned_mlp,rmse_y,5,76.22597808837891,75.84181790744786,76.61013826930996,0.38416018093105414
64,hidden,frozen_mlp,best_val_mse_z,5,0.11199968755245208,0.11138093796092491,0.11261843714397926,0.0006187495915271727
64,hidden,frozen_mlp,corr_x,5,0.9526205214199763,0.9516912095900044,0.9535498332499482,0.0009293118299719491
64,hidden,frozen_mlp,corr_y,5,0.9314598289950322,0.9305927594160287,0.9323268985740357,0.0008670695790035314
64,hidden,frozen_mlp,mse_x,5,6015.339453125,5867.017321127519,6163.661585122481,148.3221319974805
64,hidden,frozen_mlp,mse_y,5,6981.5466796875,6894.776953453399,7068.316405921601,86.76972623410094
64,hidden,frozen_mlp,r2_mean,5,0.8872923970222473,0.8866789759865106,0.887905818057984,0.000613421035736674
64,hidden,frozen_mlp,r2_x,5,0.9072185754776001,0.9049308285709646,0.9095063223842356,0.0022877469066354948
64,hidden,frozen_mlp,r2_y,5,0.8673662066459655,0.8657177692931775,0.8690146439987536,0.001648437352788063
64,hidden,frozen_mlp,rmse_mean,5,80.61334991455078,80.34471799057397,80.8819818385276,0.2686319239768068
64,hidden,frozen_mlp,rmse_x,5,77.55557708740234,76.6018298877645,78.50932428704019,0.95374719963785
64,hidden,frozen_mlp,rmse_y,5,83.55481262207032,83.03534051403223,84.0742847301084,0.5194721080380905
64,output,finetuned_mlp,best_val_mse_z,5,0.09104120218091541,0.09002884951765255,0.09205355484417826,0.0010123526632628596
64,output,finetuned_mlp,corr_x,5,0.9612329238765248,0.9607290987001265,0.9617367490529232,0.0005038251763983206
64,output,finetuned_mlp,corr_y,5,0.9451400120121172,0.9444812238179705,0.9457988002062638,0.0006587881941466785
64,output,finetuned_mlp,mse_x,5,4948.9001953125,4887.233911530476,5010.566479094524,61.66628378202371
64,output,finetuned_mlp,mse_y,5,5624.59462890625,5556.816471312602,5692.372786499899,67.7781575936485
64,output,finetuned_mlp,r2_mean,5,0.9084063768386841,0.9073915056848353,0.9094212479925329,0.0010148711538488402
64,output,finetuned_mlp,r2_x,5,0.9236674666404724,0.9227163066108132,0.9246186266701316,0.0009511600296591902
64,output,finetuned_mlp,r2_y,5,0.8931452751159668,0.8918576496450659,0.8944329005868676,0.001287625470900905
64,output,finetuned_mlp,rmse_mean,5,72.71041259765624,72.30661733861812,73.11420785669436,0.403795259038121
64,output,finetuned_mlp,rmse_x,5,70.34771118164062,69.90878098696251,70.78664137631873,0.43893019467811056
64,output,finetuned_mlp,rmse_y,5,74.99658660888672,74.54374685474944,75.44942636302399,0.4528397541372791
64,output,frozen_mlp,best_val_mse_z,5,0.11397330313920975,0.11350362949063575,0.11444297678778376,0.0004696736485740017
64,output,frozen_mlp,corr_x,5,0.9510827589312733,0.9504994443888286,0.9516660734737179,0.0005833145424446225
64,output,frozen_mlp,corr_y,5,0.9309514538279521,0.9304907448320813,0.9314121628238229,0.0004607089958708349
64,output,frozen_mlp,mse_x,5,6215.2486328125,6167.30020357076,6263.19706205424,47.9484292417402
64,output,frozen_mlp,mse_y,5,7027.01982421875,6993.485343253239,7060.554305184261,33.534480965510944
64,output,frozen_mlp,r2_mean,5,0.8853187322616577,0.8848474897756184,0.8857899747476969,0.00047124248603920994
64,output,frozen_mlp,r2_x,5,0.9041351556777955,0.9033955944983826,0.9048747168572083,0.0007395611794128854
64,output,frozen_mlp,r2_y,5,0.866502320766449,0.8658652434458998,0.8671393980869981,0.0006370773205492153
64,output,frozen_mlp,rmse_mean,5,81.37117614746094,81.1971670423403,81.54518525258159,0.17400910512064538
64,output,frozen_mlp,rmse_x,5,78.83654479980468,78.53263952980336,79.14045006980601,0.3039052700013207
64,output,frozen_mlp,rmse_y,5,83.827197265625,83.62709361552498,84.02730091572502,0.20010365010002504
128,hidden,finetuned_mlp,best_val_mse_z,5,0.08990099098947313,0.08888247982128678,0.09091950215765948,0.001018511168186359
128,hidden,finetuned_mlp,corr_x,5,0.9612462862194369,0.9607170054524639,0.9617755669864099,0.0005292807669730451
128,hidden,finetuned_mlp,corr_y,5,0.9467401394225707,0.9459693545569842,0.9475109242881573,0.0007707848655866085
128,hidden,finetuned_mlp,mse_x,5,4961.61748046875,4885.990951596901,5037.2440093405985,75.62652887184908
128,hidden,finetuned_mlp,mse_y,5,5491.9822265625,5385.8296091189195,5598.13484400608,106.15261744358007
128,hidden,finetuned_mlp,r2_mean,5,0.9095679521560669,0.9085321124186895,0.9106037918934443,0.0010358397373774137
128,hidden,finetuned_mlp,r2_x,5,0.9234713196754456,0.9223048659998906,0.9246377733510006,0.001166453675555062
128,hidden,finetuned_mlp,r2_y,5,0.8956646084785461,0.8936479495311881,0.8976812674259042,0.002016658947358049
128,hidden,finetuned_mlp,rmse_mean,5,72.29716491699219,71.90059977132033,72.69373006266405,0.39656514567185347
128,hidden,finetuned_mlp,rmse_x,5,70.43768463134765,69.90025028927099,70.97511897342432,0.5374343420766603
128,hidden,finetuned_mlp,rmse_y,5,74.10610809326172,73.38933788820967,74.82287829831378,0.7167702050520509
128,hidden,frozen_mlp,best_val_mse_z,5,0.1064620479941368,0.10504287942541692,0.1078812165628567,0.0014191685687198832
128,hidden,frozen_mlp,corr_x,5,0.9537561716635048,0.9529265735873302,0.9545857697396793,0.000829598076174566
128,hidden,frozen_mlp,corr_y,5,0.936618551332119,0.935505321780801,0.937731780883437,0.0011132295513180054
128,hidden,frozen_mlp,mse_x,5,5885.80498046875,5784.09240052034,5987.51756041716,101.7125799484102
128,hidden,frozen_mlp,mse_y,5,6497.841015625,6391.768844119977,6603.913187130023,106.07217150502306
128,hidden,frozen_mlp,r2_mean,5,0.8928860187530517,0.8914574281297959,0.8943146093763076,0.001428590623255824
128,hidden,frozen_mlp,r2_x,5,0.9092165470123291,0.9076477249174729,0.9107853691071853,0.0015688220948562547
128,hidden,frozen_mlp,r2_y,5,0.8765555143356323,0.874540377104363,0.8785706515669015,0.0020151372312692778
128,hidden,frozen_mlp,rmse_mean,5,78.68789672851562,78.16444637995112,79.21134707708013,0.5234503485645078
128,hidden,frozen_mlp,rmse_x,5,76.71752471923828,76.05681632182436,77.37823311665221,0.6607083974139243
128,hidden,frozen_mlp,rmse_y,5,80.60779724121093,79.95060964755524,81.26498483486662,0.6571875936556926
128,output,finetuned_mlp,best_val_mse_z,5,0.08915978537665473,0.08873253334854006,0.08958703740476939,0.00042725202811466287
128,output,finetuned_mlp,corr_x,5,0.9617182079206291,0.9613620244891646,0.9620743913520936,0.00035618343146443275
128,output,finetuned_mlp,corr_y,5,0.9466588502847951,0.9462117208211657,0.9471059797484246,0.0004471294636294992
128,output,finetuned_mlp,mse_x,5,4882.276953125,4843.5183904231735,4921.035515826826,38.7585627018257
128,output,finetuned_mlp,mse_y,5,5477.97314453125,5443.266208270122,5512.680080792378,34.70693626112865
128,output,finetuned_mlp,r2_mean,5,0.9103129386901856,0.9098746043581999,0.9107512730221713,0.00043833433198574713
128,output,finetuned_mlp,r2_x,5,0.924695098400116,0.9240972819916686,0.9252929148085633,0.0005978164084474083
128,output,finetuned_mlp,r2_y,5,0.8959307432174682,0.89527139248448,0.8965900939504565,0.000659350732988295
128,output,finetuned_mlp,rmse_mean,5,71.97403869628906,71.79589577166622,72.15218162091189,0.1781429246228312
128,output,finetuned_mlp,rmse_x,5,69.87300567626953,69.59541179989144,70.15059955264762,0.2775938763780894
128,output,finetuned_mlp,rmse_y,5,74.01313629150391,73.77842351084593,74.2478490721619,0.2347127806579823
128,output,frozen_mlp,best_val_mse_z,5,0.11016343384981156,0.109352989239815,0.11097387845980812,0.0008104446099965575
128,output,frozen_mlp,corr_x,5,0.9527211473239887,0.9519667439412022,0.9534755507067753,0.0007544033827865649
128,output,frozen_mlp,corr_y,5,0.9333040078939117,0.9330753847873204,0.9335326310005029,0.00022862310659124935
128,output,frozen_mlp,mse_x,5,5999.2951171875,5885.974249514959,6112.615984860041,113.32086767254064
128,output,frozen_mlp,mse_y,5,6798.8671875,6763.523668434819,6834.210706565181,35.34351906518039
128,output,frozen_mlp,r2_mean,5,0.8891513824462891,0.8883434343676357,0.8899593305249425,0.0008079480786533985
128,output,frozen_mlp,r2_x,5,0.9074660301208496,0.9057181578440091,0.9092139023976901,0.0017478722768405205
128,output,frozen_mlp,r2_y,5,0.8708367109298706,0.8701652626090715,0.8715081592506697,0.0006714483207990971
128,output,frozen_mlp,rmse_mean,5,79.9948486328125,79.66677630121428,80.32292096441073,0.32807233159822263
128,output,frozen_mlp,rmse_x,5,77.45332794189453,76.72243731163957,78.18421857214949,0.730890630254965
128,output,frozen_mlp,rmse_y,5,82.4550994873047,82.24101670941606,82.66918226519333,0.21408277788864083
256,hidden,finetuned_mlp,best_val_mse_z,5,0.09336588283379874,0.09264174519018863,0.09409002047740885,0.0007241376436101123
256,hidden,finetuned_mlp,corr_x,5,0.9608265442863493,0.960469835596873,0.9611832529758255,0.0003567086894762235
256,hidden,finetuned_mlp,corr_y,5,0.9440610997463998,0.9436105305416214,0.9445116689511783,0.00045056920477849565
256,hidden,finetuned_mlp,mse_x,5,5035.49140625,4924.541698264481,5146.441114235519,110.94970798551871
256,hidden,finetuned_mlp,mse_y,5,5800.0326171875,5757.767697821671,5842.297536553329,42.2649193658289
256,hidden,finetuned_mlp,r2_mean,5,0.9060721158981323,0.9053497820949076,0.906794449701357,0.0007223338032247616
256,hidden,finetuned_mlp,r2_x,5,0.9223318815231323,0.9206205805715414,0.9240431824747232,0.0017113009515908994
256,hidden,finetuned_mlp,r2_y,5,0.8898123383522034,0.8890093932238596,0.8906152834805472,0.0008029451283437844
256,hidden,finetuned_mlp,rmse_mean,5,73.60634155273438,73.28357092687799,73.92911217859077,0.32277062585639316
256,hidden,finetuned_mlp,rmse_x,5,70.95897979736328,70.18012228960181,71.73783730512476,0.7788575077614723
256,hidden,finetuned_mlp,rmse_y,5,76.15768280029297,75.88000185233757,76.43536374824838,0.27768094795539794
256,hidden,frozen_mlp,best_val_mse_z,5,0.11125542968511581,0.110196582082896,0.11231427728733563,0.001058847602219812
256,hidden,frozen_mlp,corr_x,5,0.9526357763284906,0.9517977925879934,0.9534737600689879,0.0008379837404972975
256,hidden,frozen_mlp,corr_y,5,0.9326280475005057,0.9312586270689207,0.9339974679320906,0.001369420431584929
256,hidden,frozen_mlp,mse_x,5,6019.64619140625,5900.435575421217,6138.856807391283,119.21061598503293
256,hidden,frozen_mlp,mse_y,5,6898.59443359375,6697.473454860224,7099.715412327277,201.12097873352627
256,hidden,frozen_mlp,r2_mean,5,0.8880471229553223,0.886962384961639,0.8891318609490055,0.0010847379936832198
256,hidden,frozen_mlp,r2_x,5,0.9071521520614624,0.905313430395423,0.9089908737275018,0.001838721666039402
256,hidden,frozen_mlp,r2_y,5,0.86894211769104,0.8651212785990142,0.8727629567830658,0.003820839092025754
256,hidden,frozen_mlp,rmse_mean,5,80.36910400390624,80.06805505039054,80.67015295742195,0.30104895351570354
256,hidden,frozen_mlp,rmse_x,5,77.58439483642579,76.81448002306533,78.35430964978625,0.7699148133604619
256,hidden,frozen_mlp,rmse_y,5,83.05322723388672,81.84616805546197,84.26028641231146,1.207059178424737
256,output,finetuned_mlp,best_val_mse_z,5,0.09059171974658965,0.08981718128912589,0.09136625820405342,0.0007745384574637638
256,output,finetuned_mlp,corr_x,5,0.9613882967253691,0.9609562785114865,0.9618203149392517,0.0004320182138826204
256,output,finetuned_mlp,corr_y,5,0.9457772913713214,0.9450814873328439,0.9464730954097988,0.0006958040384774912
256,output,finetuned_mlp,mse_x,5,4937.76103515625,4872.108441096355,5003.413629216145,65.65259405989504
256,output,finetuned_mlp,mse_y,5,5585.64912109375,5508.402475689347,5662.8957664981535,77.24664540440308
256,output,finetuned_mlp,r2_mean,5,0.9088622331619263,0.9080896027454016,0.9096348635784509,0.0007726304165246828
256,output,finetuned_mlp,r2_x,5,0.9238392949104309,0.9228266442807056,0.9248519455401563,0.0010126506297253766
256,output,finetuned_mlp,r2_y,5,0.8938851475715637,0.8924176358471503,0.8953526592959771,0.0014675117244133693
256,output,finetuned_mlp,rmse_mean,5,72.53841552734374,72.23815500901836,72.83867604566913,0.300260518325389
256,output,finetuned_mlp,rmse_x,5,70.26839447021484,69.8006972513581,70.73609168907159,0.46769721885674065
256,output,finetuned_mlp,rmse_y,5,74.73627166748047,74.21927713199807,75.25326620296286,0.5169945354824017
256,output,frozen_mlp,best_val_mse_z,5,0.11283110678195954,0.11157977181279802,0.11408244175112106,0.001251334969161527
256,output,frozen_mlp,corr_x,5,0.9520125150239421,0.9510626783409571,0.9529623517069271,0.0009498366829850207
256,output,frozen_mlp,corr_y,5,0.9314468691473319,0.9302676783113316,0.9326260599833321,0.0011791908360002522
256,output,frozen_mlp,mse_x,5,6096.394921875,5978.014977072733,6214.774866677268,118.37994480226745
256,output,frozen_mlp,mse_y,5,7003.2173828125,6868.747175456343,7137.687590168656,134.4702073561564
256,output,frozen_mlp,r2_mean,5,0.8864614367485046,0.8851992568969306,0.8877236166000787,0.0012621798515740517
256,output,frozen_mlp,r2_x,5,0.9059683680534363,0.9041424641739615,0.9077942719329111,0.0018259038794748055
256,output,frozen_mlp,r2_y,5,0.8669545173645019,0.8643998676212223,0.8695091671077815,0.0025546497432796154
256,output,frozen_mlp,rmse_mean,5,80.93134002685547,80.49155260030378,81.37112745340715,0.43978742655169356
256,output,frozen_mlp,rmse_x,5,78.0775161743164,77.32163973543977,78.83339261319303,0.7558764388766323
256,output,frozen_mlp,rmse_y,5,83.68322296142578,82.87866548539787,84.4877804374537,0.8045574760279025
512,hidden,finetuned_mlp,best_val_mse_z,5,0.09170651882886886,0.09099309429507699,0.09241994336266074,0.0007134245337918791
512,hidden,finetuned_mlp,corr_x,5,0.960571159351133,0.9601229944579145,0.9610193242443515,0.00044816489321856365
512,hidden,finetuned_mlp,corr_y,5,0.9455185131219433,0.9444009947658835,0.9466360314780032,0.0011175183560598787
512,hidden,finetuned_mlp,mse_x,5,5042.21767578125,4952.769598389695,5131.665753172806,89.4480773915558
512,hidden,finetuned_mlp,mse_y,5,5617.76171875,5502.491867789718,5733.031569710282,115.26985096028245
512,hidden,finetuned_mlp,r2_mean,5,0.9077516078948975,0.9070277312852225,0.9084754845045725,0.0007238766096749931
512,hidden,finetuned_mlp,r2_x,5,0.9222281455993653,0.9208484870300482,0.9236078041686824,0.0013796585693171422
512,hidden,finetuned_mlp,r2_y,5,0.8932750821113586,0.8910851881753598,0.8954649760473575,0.0021898939359988366
512,hidden,finetuned_mlp,rmse_mean,5,73.00777740478516,72.75237622389716,73.26317858567316,0.25540118088799396
512,hidden,finetuned_mlp,rmse_x,5,71.00713653564453,70.37968636038846,71.6345867109006,0.627450175256069
512,hidden,finetuned_mlp,rmse_y,5,74.94967956542969,74.18014505469002,75.71921407616937,0.769534510739678
512,hidden,frozen_mlp,best_val_mse_z,5,0.10920190662145615,0.10861607316114263,0.10978774008176967,0.0005858334603135163
512,hidden,frozen_mlp,corr_x,5,0.9540143023553268,0.9534413965718522,0.9545872081388014,0.0005729057834745268
512,hidden,frozen_mlp,corr_y,5,0.933500804273512,0.9328182430409975,0.9341833655060265,0.0006825612325145166
512,hidden,frozen_mlp,mse_x,5,5853.605859375,5766.372593237535,5940.839125512466,87.23326613746534
512,hidden,frozen_mlp,mse_y,5,6816.596875,6763.796289181823,6869.397460818177,52.800585818177105
512,hidden,frozen_mlp,r2_mean,5,0.8901065349578857,0.8895207891092007,0.8906922808065707,0.0005857458486849483
512,hidden,frozen_mlp,r2_x,5,0.9097131848335266,0.90836768791971,0.9110586817473432,0.0013454969138166036
512,hidden,frozen_mlp,r2_y,5,0.8704998850822449,0.869496778382504,0.8715029917819856,0.0010031066997407943
512,hidden,frozen_mlp,rmse_mean,5,79.5938705444336,79.3615554710561,79.82618561781109,0.23231507337749888
512,hidden,frozen_mlp,rmse_x,5,76.50775909423828,75.93767417766853,77.07784401080804,0.5700849165697559
512,hidden,frozen_mlp,rmse_y,5,82.56236267089844,82.24243365650204,82.88229168529483,0.3199290143963875
512,output,finetuned_mlp,best_val_mse_z,5,0.0924867601858245,0.0913118810130901,0.0936616393585589,0.0011748791727344001
512,output,finetuned_mlp,corr_x,5,0.9598544782183985,0.9590544458846442,0.9606545105521529,0.0008000323337543577
512,output,finetuned_mlp,corr_y,5,0.9451924731135548,0.9445792634810085,0.9458056827461011,0.0006132096325462933
512,output,finetuned_mlp,mse_x,5,5124.55908203125,5018.161537712885,5230.956626349615,106.39754431836576
512,output,finetuned_mlp,mse_y,5,5632.2966796875,5557.514312091,5707.079047284,74.7823675964998
512,output,finetuned_mlp,r2_mean,5,0.9069785237312317,0.9058000276740111,0.9081570197884522,0.0011784960572205783
512,output,finetuned_mlp,r2_x,5,0.9209580898284913,0.9193170001109927,0.9225991795459898,0.0016410897174985314
512,output,finetuned_mlp,r2_y,5,0.8929989576339722,0.8915782583029656,0.8944196569649788,0.0014206993310066235
512,output,finetuned_mlp,rmse_mean,5,73.33819580078125,72.85899950656878,73.81739209499372,0.4791962942124736
512,output,finetuned_mlp,rmse_x,5,71.58403167724609,70.84226933433506,72.32579402015712,0.7417623429110358
512,output,finetuned_mlp,rmse_y,5,75.04777221679687,74.54987228814383,75.54567214544991,0.4978999286530439
512,output,frozen_mlp,best_val_mse_z,5,0.11518857628107071,0.11394111511670953,0.11643603744543189,0.0012474611643611764
512,output,frozen_mlp,corr_x,5,0.9502050129458237,0.9491984267455864,0.951211599146061,0.0010065862002373138
512,output,frozen_mlp,corr_y,5,0.9307557926561565,0.9297651072965667,0.9317464780157463,0.000990685359589803
512,output,frozen_mlp,mse_x,5,6325.616015625,6215.553283676562,6435.678747573437,110.06273194843786
512,output,frozen_mlp,mse_y,5,7065.49150390625,6948.808235897323,7182.174771915176,116.68326800892622
512,output,frozen_mlp,r2_mean,5,0.8841021299362183,0.88284517204037,0.8853590878320665,0.001256957895848285
512,output,frozen_mlp,r2_x,5,0.9024328231811524,0.9007352092052006,0.9041304371571042,0.0016976139759518189
512,output,frozen_mlp,r2_y,5,0.8657714605331421,0.8635547270086426,0.8679881940576417,0.00221673352449955
512,output,frozen_mlp,rmse_mean,5,81.8269256591797,81.38759190085457,82.26625941750481,0.4393337583251229
512,output,frozen_mlp,rmse_x,5,79.53218688964844,78.84220059801397,80.22217318128291,0.6899862916344685
512,output,frozen_mlp,rmse_y,5,84.05499267578125,83.36131862941917,84.74866672214333,0.6936740463620752
1024,hidden,finetuned_mlp,best_val_mse_z,5,0.09225279225243462,0.09154329631526405,0.09296228818960518,0.0007094959371705646
1024,hidden,finetuned_mlp,corr_x,5,0.960683833197599,0.9604416059737672,0.9609260604214308,0.00024222722383186772
1024,hidden,finetuned_mlp,corr_y,5,0.9447056251129267,0.9441872651759889,0.9452239850498644,0.000518359936937682
1024,hidden,finetuned_mlp,mse_x,5,5027.76044921875,4987.868082880351,5067.65281555715,39.892366338399334
1024,hidden,finetuned_mlp,mse_y,5,5686.55166015625,5626.861836673394,5746.241483639107,59.689823482856625
1024,hidden,finetuned_mlp,r2_mean,5,0.9072096705436706,0.9064978002832624,0.9079215408040788,0.0007118702604081767
1024,hidden,finetuned_mlp,r2_x,5,0.9224511384963989,0.9218358259510093,0.9230664510417885,0.000615312545389632
1024,hidden,finetuned_mlp,r2_y,5,0.8919682145118714,0.8908342268057103,0.8931022022180324,0.0011339877061609727
1024,hidden,finetuned_mlp,rmse_mean,5,73.19353790283203,72.92021231646721,73.46686348919685,0.27332558636481297
1024,hidden,finetuned_mlp,rmse_x,5,70.90641326904297,70.62507104604568,71.18775549204027,0.28134222299729206
1024,hidden,finetuned_mlp,rmse_y,5,75.40868835449218,75.01261463795358,75.8047620710308,0.39607371653861406
1024,hidden,frozen_mlp,best_val_mse_z,5,0.10875708609819412,0.10722864838623786,0.11028552381015039,0.0015284377119562712
1024,hidden,frozen_mlp,corr_x,5,0.9538653535005128,0.9530775583905243,0.9546531486105013,0.000787795109988479
1024,hidden,frozen_mlp,corr_y,5,0.933826604845773,0.9330164834836722,0.9346367262078737,0.0008101213621008167
1024,hidden,frozen_mlp,mse_x,5,5869.930859375,5777.070863465187,5962.790855284813,92.8599959098131
1024,hidden,frozen_mlp,mse_y,5,6755.6822265625,6664.618632544227,6846.7458205807725,91.06359401827328
1024,hidden,frozen_mlp,r2_mean,5,0.8905592441558838,0.889022113403683,0.8920963749080847,0.0015371307522008472
1024,hidden,frozen_mlp,r2_x,5,0.9094613671302796,0.9080290693327296,0.9108936649278295,0.0014322977975498939
1024,hidden,frozen_mlp,r2_y,5,0.8716571211814881,0.8699271192811865,0.8733871230817897,0.001730001900301598
1024,hidden,frozen_mlp,rmse_mean,5,79.45284729003906,78.88930425529908,80.01639032477904,0.5635430347399827
1024,hidden,frozen_mlp,rmse_x,5,76.61422424316406,76.00720157336714,77.22124691296098,0.6070226697969121
1024,hidden,frozen_mlp,rmse_y,5,82.19198455810547,81.63717569730575,82.7467934189052,0.554808860799721
1024,output,finetuned_mlp,best_val_mse_z,5,0.0943201333284378,0.09375168376206852,0.09488858289480709,0.0005684495663692855
1024,output,finetuned_mlp,corr_x,5,0.9589660107165203,0.9586871274854128,0.9592448939476278,0.00027888323110742986
1024,output,finetuned_mlp,corr_y,5,0.9444127634573937,0.9437180044581936,0.9451075224565937,0.000694758999200041
1024,output,finetuned_mlp,mse_x,5,5248.88857421875,5175.808153306796,5321.968995130705,73.08042091195438
1024,output,finetuned_mlp,mse_y,5,5724.5560546875,5655.392707622955,5793.719401752046,69.16334706454525
1024,output,finetuned_mlp,r2_mean,5,0.9051432967185974,0.9045667511185461,0.9057198423186487,0.0005765456000512374
1024,output,finetuned_mlp,r2_x,5,0.9190404176712036,0.9179132276612217,0.9201676076811854,0.0011271900099818226
1024,output,finetuned_mlp,r2_y,5,0.891246223449707,0.8899322572207067,0.8925601896787074,0.001313966229000364
1024,output,finetuned_mlp,rmse_mean,5,74.07342224121093,73.84852256744712,74.29832191497475,0.22489967376382022
1024,output,finetuned_mlp,rmse_x,5,72.44830474853515,71.94475795904636,72.95185153802394,0.5035467894887904
1024,output,finetuned_mlp,rmse_y,5,75.66007995605469,75.20313772222477,76.11702218988461,0.45694223382991606
1024,output,frozen_mlp,best_val_mse_z,5,0.11876278072595596,0.1177077044792028,0.11981785697270912,0.0010550762467531679
1024,output,frozen_mlp,corr_x,5,0.9484183935176163,0.9479273209610477,0.9489094660741848,0.0004910725565685626
1024,output,frozen_mlp,corr_y,5,0.9291057625257413,0.9284787969911092,0.9297327280603733,0.0006269655346319945
1024,output,frozen_mlp,mse_x,5,6586.7138671875,6478.749424406792,6694.678309968208,107.96444278070831
1024,output,frozen_mlp,mse_y,5,7231.28115234375,7143.611239515291,7318.951065172209,87.66991282845936
1024,output,frozen_mlp,r2_mean,5,0.8805137157440186,0.8794534910558253,0.8815739404322119,0.0010602246881933088
1024,output,frozen_mlp,r2_x,5,0.8984056234359741,0.8967403750906237,0.9000708717813245,0.0016652483453504724
1024,output,frozen_mlp,r2_y,5,0.8626218199729919,0.8609562763622284,0.8642873635837555,0.0016655436107634919
1024,output,frozen_mlp,rmse_mean,5,83.12101135253906,82.74359628201103,83.49842642306709,0.37741507052803125
1024,output,frozen_mlp,rmse_x,5,81.15716247558593,80.492844240509,81.82148071066287,0.6643182350769404
1024,output,frozen_mlp,rmse_y,5,85.03612976074218,84.52066371104097,85.5515958104434,0.515466049701215
2048,hidden,finetuned_mlp,best_val_mse_z,5,0.09337791932953729,0.09321201162844665,0.09354382703062793,0.0001659077010906313
2048,hidden,finetuned_mlp,corr_x,5,0.9608748108859245,0.9605405111332852,0.9612091106385638,0.00033429975263926697
2048,hidden,finetuned_mlp,corr_y,5,0.9439706505654799,0.9433142023934352,0.9446270987375246,0.0006564481720447259
2048,hidden,finetuned_mlp,mse_x,5,5059.29794921875,4971.594309045979,5147.001589391521,87.70364017277072
2048,hidden,finetuned_mlp,mse_y,5,5781.7919921875,5716.2577020543895,5847.3262823206105,65.5342901331106
2048,hidden,finetuned_mlp,r2_mean,5,0.9060617923736572,0.9058969092581349,0.9062266754891796,0.0001648831155223
2048,hidden,finetuned_mlp,r2_x,5,0.921964704990387,0.9206119463609346,0.9233174636198394,0.001352758629452377
2048,hidden,finetuned_mlp,r2_y,5,0.8901588678359985,0.8889138805578694,0.8914038551141277,0.0012449872781291407
2048,hidden,finetuned_mlp,rmse_mean,5,73.62564086914062,73.52825648550981,73.72302525277144,0.0973843836308141
2048,hidden,finetuned_mlp,rmse_x,5,71.12735290527344,70.51066682393497,71.74403898661191,0.6166860813384718
2048,hidden,finetuned_mlp,rmse_y,5,76.03746337890625,75.60679629531367,76.46813046249883,0.4306670835925809
2048,hidden,frozen_mlp,best_val_mse_z,5,0.10933332592248916,0.10894198856512405,0.10972466327985428,0.0003913373573651126
2048,hidden,frozen_mlp,corr_x,5,0.9535636669059432,0.9527212433608552,0.9544060904510312,0.0008424235450880045
2048,hidden,frozen_mlp,corr_y,5,0.9336344601162432,0.9325204388390169,0.9347484813934694,0.0011140212772263111
2048,hidden,frozen_mlp,mse_x,5,5898.12353515625,5795.634982788682,6000.612087523818,102.48855236756822
2048,hidden,frozen_mlp,mse_y,5,6793.870703125,6712.518521041043,6875.2228852089565,81.352182083957
2048,hidden,frozen_mlp,r2_mean,5,0.889979088306427,0.8895867891322579,0.8903713874805962,0.0003922991741691506
2048,hidden,frozen_mlp,r2_x,5,0.9090265274047852,0.9074457195529905,0.9106073352565799,0.0015808078517946659
2048,hidden,frozen_mlp,r2_y,5,0.8709316372871398,0.8693861229544794,0.8724771516198003,0.001545514332660496
2048,hidden,frozen_mlp,rmse_mean,5,79.66241607666015,79.50415192063858,79.82068023268172,0.1582641560215795
2048,hidden,frozen_mlp,rmse_x,5,76.7977310180664,76.12917074224553,77.46629129388727,0.6685602758208652
2048,hidden,frozen_mlp,rmse_y,5,82.42417602539062,81.93151546233348,82.91683658844777,0.4926605630571374
2048,output,finetuned_mlp,best_val_mse_z,5,0.0957997567123837,0.0951597789108637,0.09643973451390368,0.0006399778015199936
2048,output,finetuned_mlp,corr_x,5,0.9584282433351815,0.9581286035589275,0.9587278831114355,0.0002996397762539819
2048,output,finetuned_mlp,corr_y,5,0.9432578542968415,0.9424710184362646,0.9440446901574184,0.000786835860576919
2048,output,finetuned_mlp,mse_x,5,5305.79296875,5288.888547157732,5322.697390342268,16.9044215922679
2048,output,finetuned_mlp,mse_y,5,5836.586328125,5773.474403078931,5899.69825317107,63.111925046069594
2048,output,finetuned_mlp,r2_mean,5,0.9036403059959411,0.9029949100047097,0.9042857019871726,0.0006453959912315329
2048,output,finetuned_mlp,r2_x,5,0.918162715435028,0.9179019812228726,0.9184234496471835,0.0002607342121554243
2048,output,finetuned_mlp,r2_y,5,0.8891178846359253,0.8879188958975665,0.8903168733742842,0.0011989887383589408
2048,output,finetuned_mlp,rmse_mean,5,74.64151916503906,74.40918272455784,74.87385560552028,0.2323364404812208
2048,output,finetuned_mlp,rmse_x,5,72.84082794189453,72.72483146043457,72.95682442335449,0.1159964814599609
2048,output,finetuned_mlp,rmse_y,5,76.39697570800782,75.98442080967638,76.80953060633925,0.4125548983314375
2048,output,frozen_mlp,best_val_mse_z,5,0.12193745970726014,0.12110335666471903,0.12277156274980125,0.0008341030425411054
2048,output,frozen_mlp,corr_x,5,0.9472706402354548,0.9463119434257197,0.94822933704519,0.0009586968097351002
2048,output,frozen_mlp,corr_y,5,0.9266487394349179,0.9254170733686617,0.927880405501174,0.0012316660662561045
2048,output,frozen_mlp,mse_x,5,6709.9658203125,6638.229275966904,6781.702364658096,71.7365443455953
2048,output,frozen_mlp,mse_y,5,7468.26640625,7351.87928349765,7584.653529002349,116.38712275235001
2048,output,frozen_mlp,r2_mean,5,0.8773120880126953,0.8764653007732898,0.8781588752521009,0.0008467872394056121
2048,output,frozen_mlp,r2_x,5,0.89650456905365,0.8953981047974556,0.8976110333098443,0.0011064642561942914
2048,output,frozen_mlp,r2_y,5,0.8581196188926696,0.855908520541887,0.8603307172434522,0.0022110983507826294
2048,output,frozen_mlp,rmse_mean,5,84.19743194580079,83.93864212011212,84.45622177148945,0.2587898256886608
2048,output,frozen_mlp,rmse_x,5,81.91377563476563,81.47682726905082,82.35072400048044,0.4369483657148146
2048,output,frozen_mlp,rmse_y,5,86.41777801513672,85.74584780295444,87.089708227319,0.6719302121822803
