lambda_start_frac,lambda_block_cca,seed,dimension,run_dir,saved_checkpoint_epoch,checkpoint_selection,checkpoint_lambda_scale,checkpoint_regularization_lambda,embedding_val_zeta,mean_val_zeta,embedding_whole_val_regularization_raw,train_log,finetune_log,finetune_metrics,frozen_decoder_feature_layer,frozen_decoder_feature_dim,frozen_decoder_rmse_x,frozen_decoder_rmse_y,frozen_decoder_rmse_mean,frozen_decoder_r2_x,frozen_decoder_r2_y,frozen_decoder_r2_mean,finetuned_decoder_feature_layer,finetuned_decoder_feature_dim,finetuned_decoder_rmse_x,finetuned_decoder_rmse_y,finetuned_decoder_rmse_mean,finetuned_decoder_r2_x,finetuned_decoder_r2_y,finetuned_decoder_r2_mean
1.0,0.5,0,128,/home/omo26/Non-Rev-Owen/mcmaze/runs/20260731_105635_d128_h256_dep2_bs64_ep150_lr5e-04_lxp0.0_lbt0.0_lcca0.5_sig10.0_s0,47,best_val_zeta,1.000000,0.5,0.43975433707237244,0.47863027453422546,0.262781,/home/omo26/Non-Rev-Owen/mcmaze/cca_sweep_constant_lambda_emb_zeta/logs/lsf1p0_lcca0p5_s0_main.log,/home/omo26/Non-Rev-Owen/mcmaze/cca_sweep_constant_lambda_emb_zeta/logs/lsf1p0_lcca0p5_s0_finetune.log,/home/omo26/Non-Rev-Owen/mcmaze/runs/20260731_105635_d128_h256_dep2_bs64_ep150_lr5e-04_lxp0.0_lbt0.0_lcca0.5_sig10.0_s0/outputs/velocity_prediction_finetune_100ms_hidden/metrics.csv,hidden,512,76.00086212158203,82.68563842773438,79.41445922851562,0.9123099446296692,0.8725345134735107,0.8924221992492676,hidden,512,69.72818756103516,76.22225952148438,73.04817199707031,0.9261875152587891,0.8916831016540527,0.9089353084564209
1.0,0.5,1,128,/home/omo26/Non-Rev-Owen/mcmaze/runs/20260731_110003_d128_h256_dep2_bs64_ep150_lr5e-04_lxp0.0_lbt0.0_lcca0.5_sig10.0_s1,46,best_val_zeta,1.000000,0.5,0.4477815065119002,0.5010024905204773,0.262316,/home/omo26/Non-Rev-Owen/mcmaze/cca_sweep_constant_lambda_emb_zeta/logs/lsf1p0_lcca0p5_s1_main.log,/home/omo26/Non-Rev-Owen/mcmaze/cca_sweep_constant_lambda_emb_zeta/logs/lsf1p0_lcca0p5_s1_finetune.log,/home/omo26/Non-Rev-Owen/mcmaze/runs/20260731_110003_d128_h256_dep2_bs64_ep150_lr5e-04_lxp0.0_lbt0.0_lcca0.5_sig10.0_s1/outputs/velocity_prediction_finetune_100ms_hidden/metrics.csv,hidden,512,77.26737213134766,82.01512145996094,79.67719268798828,0.906008243560791,0.8718944191932678,0.888951301574707,hidden,512,72.60999298095703,74.94676208496094,73.78852081298828,0.9169976711273193,0.8930240869522095,0.9050108790397644
1.0,0.5,2,128,/home/omo26/Non-Rev-Owen/mcmaze/runs/20260731_110331_d128_h256_dep2_bs64_ep150_lr5e-04_lxp0.0_lbt0.0_lcca0.5_sig10.0_s2,40,best_val_zeta,1.000000,0.5,0.4552658001581828,0.49648356437683105,0.269811,/home/omo26/Non-Rev-Owen/mcmaze/cca_sweep_constant_lambda_emb_zeta/logs/lsf1p0_lcca0p5_s2_main.log,/home/omo26/Non-Rev-Owen/mcmaze/cca_sweep_constant_lambda_emb_zeta/logs/lsf1p0_lcca0p5_s2_finetune.log,/home/omo26/Non-Rev-Owen/mcmaze/runs/20260731_110331_d128_h256_dep2_bs64_ep150_lr5e-04_lxp0.0_lbt0.0_lcca0.5_sig10.0_s2/outputs/velocity_prediction_finetune_100ms_hidden/metrics.csv,hidden,512,74.18394470214844,82.14894104003906,78.2685317993164,0.9130313992500305,0.8704246878623962,0.8917280435562134,hidden,512,68.14584350585938,74.92615509033203,71.6169204711914,0.9266126155853271,0.8922083377838135,0.9094104766845703
1.0,0.5,3,128,/home/omo26/Non-Rev-Owen/mcmaze/runs/20260731_110747_d128_h256_dep2_bs64_ep150_lr5e-04_lxp0.0_lbt0.0_lcca0.5_sig10.0_s3,84,best_val_zeta,1.000000,0.5,0.4639194707075755,0.4993738532066345,0.220543,/home/omo26/Non-Rev-Owen/mcmaze/cca_sweep_constant_lambda_emb_zeta/logs/lsf1p0_lcca0p5_s3_main.log,/home/omo26/Non-Rev-Owen/mcmaze/cca_sweep_constant_lambda_emb_zeta/logs/lsf1p0_lcca0p5_s3_finetune.log,/home/omo26/Non-Rev-Owen/mcmaze/runs/20260731_110747_d128_h256_dep2_bs64_ep150_lr5e-04_lxp0.0_lbt0.0_lcca0.5_sig10.0_s3/outputs/velocity_prediction_finetune_100ms_hidden/metrics.csv,hidden,512,75.21234130859375,79.98628997802734,77.63680267333984,0.9099013209342957,0.8821593523025513,0.8960303068161011,hidden,512,69.1256103515625,74.2863540649414,71.75328826904297,0.9238941073417664,0.8983559012413025,0.9111250042915344
1.0,0.5,4,128,/home/omo26/Non-Rev-Owen/mcmaze/runs/20260731_111114_d128_h256_dep2_bs64_ep150_lr5e-04_lxp0.0_lbt0.0_lcca0.5_sig10.0_s4,43,best_val_zeta,1.000000,0.5,0.44861772656440735,0.4893830120563507,0.256538,/home/omo26/Non-Rev-Owen/mcmaze/cca_sweep_constant_lambda_emb_zeta/logs/lsf1p0_lcca0p5_s4_main.log,/home/omo26/Non-Rev-Owen/mcmaze/cca_sweep_constant_lambda_emb_zeta/logs/lsf1p0_lcca0p5_s4_finetune.log,/home/omo26/Non-Rev-Owen/mcmaze/runs/20260731_111114_d128_h256_dep2_bs64_ep150_lr5e-04_lxp0.0_lbt0.0_lcca0.5_sig10.0_s4/outputs/velocity_prediction_finetune_100ms_hidden/metrics.csv,hidden,512,74.62718200683594,82.55113983154297,78.68992614746094,0.912254810333252,0.8706580996513367,0.8914564847946167,hidden,512,70.48078918457031,74.83431243896484,72.69092559814453,0.9217343926429749,0.8937094807624817,0.9077219367027283
1.0,2.0,0,128,/home/omo26/Non-Rev-Owen/mcmaze/runs/20260731_111444_d128_h256_dep2_bs64_ep150_lr5e-04_lxp0.0_lbt0.0_lcca2.0_sig10.0_s0,39,best_val_zeta,1.000000,2.0,0.4504137535889943,0.27415692806243896,0.028153,/home/omo26/Non-Rev-Owen/mcmaze/cca_sweep_constant_lambda_emb_zeta/logs/lsf1p0_lcca2p0_s0_main.log,/home/omo26/Non-Rev-Owen/mcmaze/cca_sweep_constant_lambda_emb_zeta/logs/lsf1p0_lcca2p0_s0_finetune.log,/home/omo26/Non-Rev-Owen/mcmaze/runs/20260731_111444_d128_h256_dep2_bs64_ep150_lr5e-04_lxp0.0_lbt0.0_lcca2.0_sig10.0_s0/outputs/velocity_prediction_finetune_100ms_hidden/metrics.csv,hidden,512,79.2688217163086,85.00506591796875,82.18758392333984,0.9046066403388977,0.8652830719947815,0.8849448561668396,hidden,512,69.99346160888672,75.29890441894531,72.69536590576172,0.9256247878074646,0.8942915201187134,0.9099581241607666
1.0,2.0,1,128,/home/omo26/Non-Rev-Owen/mcmaze/runs/20260731_111819_d128_h256_dep2_bs64_ep150_lr5e-04_lxp0.0_lbt0.0_lcca2.0_sig10.0_s1,36,best_val_zeta,1.000000,2.0,0.45441901683807373,0.2619369626045227,0.030225,/home/omo26/Non-Rev-Owen/mcmaze/cca_sweep_constant_lambda_emb_zeta/logs/lsf1p0_lcca2p0_s1_main.log,/home/omo26/Non-Rev-Owen/mcmaze/cca_sweep_constant_lambda_emb_zeta/logs/lsf1p0_lcca2p0_s1_finetune.log,/home/omo26/Non-Rev-Owen/mcmaze/runs/20260731_111819_d128_h256_dep2_bs64_ep150_lr5e-04_lxp0.0_lbt0.0_lcca2.0_sig10.0_s1/outputs/velocity_prediction_finetune_100ms_hidden/metrics.csv,hidden,512,83.00740051269531,87.35831451416016,85.2115249633789,0.8915246725082397,0.854658842086792,0.8730917572975159,hidden,512,72.01820373535156,74.22056579589844,73.1283950805664,0.9183451533317566,0.8950871229171753,0.9067161083221436
1.0,2.0,2,128,/home/omo26/Non-Rev-Owen/mcmaze/runs/20260731_112429_d128_h256_dep2_bs64_ep150_lr5e-04_lxp0.0_lbt0.0_lcca2.0_sig10.0_s2,74,best_val_zeta,1.000000,2.0,0.4837387932671441,0.33428990840911865,0.033203,/home/omo26/Non-Rev-Owen/mcmaze/cca_sweep_constant_lambda_emb_zeta/logs/lsf1p0_lcca2p0_s2_main.log,/home/omo26/Non-Rev-Owen/mcmaze/cca_sweep_constant_lambda_emb_zeta/logs/lsf1p0_lcca2p0_s2_finetune.log,/home/omo26/Non-Rev-Owen/mcmaze/runs/20260731_112429_d128_h256_dep2_bs64_ep150_lr5e-04_lxp0.0_lbt0.0_lcca2.0_sig10.0_s2/outputs/velocity_prediction_finetune_100ms_hidden/metrics.csv,hidden,512,72.32438659667969,79.80331420898438,76.1564712524414,0.9173368215560913,0.8777186870574951,0.8975277543067932,hidden,512,66.99080657958984,72.43314361572266,69.76580047607422,0.9290792942047119,0.8992620706558228,0.9141706824302673
1.0,2.0,3,128,/home/omo26/Non-Rev-Owen/mcmaze/runs/20260731_113052_d128_h256_dep2_bs64_ep150_lr5e-04_lxp0.0_lbt0.0_lcca2.0_sig10.0_s3,125,best_val_zeta,1.000000,2.0,0.43233498599794173,0.33080241084098816,0.034992,/home/omo26/Non-Rev-Owen/mcmaze/cca_sweep_constant_lambda_emb_zeta/logs/lsf1p0_lcca2p0_s3_main.log,/home/omo26/Non-Rev-Owen/mcmaze/cca_sweep_constant_lambda_emb_zeta/logs/lsf1p0_lcca2p0_s3_finetune.log,/home/omo26/Non-Rev-Owen/mcmaze/runs/20260731_113052_d128_h256_dep2_bs64_ep150_lr5e-04_lxp0.0_lbt0.0_lcca2.0_sig10.0_s3/outputs/velocity_prediction_finetune_100ms_hidden/metrics.csv,hidden,512,72.8244857788086,79.7552490234375,76.3692398071289,0.9155314564704895,0.8828391432762146,0.899185299873352,hidden,512,67.55435180664062,73.18122100830078,70.42473602294922,0.9273146390914917,0.9013576507568359,0.9143361449241638
1.0,2.0,4,128,/home/omo26/Non-Rev-Owen/mcmaze/runs/20260731_113653_d128_h256_dep2_bs64_ep150_lr5e-04_lxp0.0_lbt0.0_lcca2.0_sig10.0_s4,52,best_val_zeta,1.000000,2.0,0.45926565594143337,0.3275681734085083,0.034559,/home/omo26/Non-Rev-Owen/mcmaze/cca_sweep_constant_lambda_emb_zeta/logs/lsf1p0_lcca2p0_s4_main.log,/home/omo26/Non-Rev-Owen/mcmaze/cca_sweep_constant_lambda_emb_zeta/logs/lsf1p0_lcca2p0_s4_finetune.log,/home/omo26/Non-Rev-Owen/mcmaze/runs/20260731_113653_d128_h256_dep2_bs64_ep150_lr5e-04_lxp0.0_lbt0.0_lcca2.0_sig10.0_s4/outputs/velocity_prediction_finetune_100ms_hidden/metrics.csv,hidden,512,73.12841796875,79.93606567382812,76.6087646484375,0.9157438278198242,0.8787229657173157,0.8972333669662476,hidden,512,67.10317993164062,73.8084716796875,70.53643035888672,0.9290560483932495,0.8966035842895508,0.9128298163414001
1.0,5.0,0,128,/home/omo26/Non-Rev-Owen/mcmaze/runs/20260731_114252_d128_h256_dep2_bs64_ep150_lr5e-04_lxp0.0_lbt0.0_lcca5.0_sig10.0_s0,84,best_val_zeta,1.000000,5.0,0.46990886992878383,0.24442704021930695,0.007568,/home/omo26/Non-Rev-Owen/mcmaze/cca_sweep_constant_lambda_emb_zeta/logs/lsf1p0_lcca5p0_s0_main.log,/home/omo26/Non-Rev-Owen/mcmaze/cca_sweep_constant_lambda_emb_zeta/logs/lsf1p0_lcca5p0_s0_finetune.log,/home/omo26/Non-Rev-Owen/mcmaze/runs/20260731_114252_d128_h256_dep2_bs64_ep150_lr5e-04_lxp0.0_lbt0.0_lcca5.0_sig10.0_s0/outputs/velocity_prediction_finetune_100ms_hidden/metrics.csv,hidden,512,81.03715515136719,84.55985260009766,82.81808471679688,0.9003031253814697,0.8666905164718628,0.8834968209266663,hidden,512,69.37588500976562,75.0008544921875,72.2440185546875,0.9269315004348755,0.8951267004013062,0.9110291004180908
1.0,5.0,1,128,/home/omo26/Non-Rev-Owen/mcmaze/runs/20260731_114752_d128_h256_dep2_bs64_ep150_lr5e-04_lxp0.0_lbt0.0_lcca5.0_sig10.0_s1,79,best_val_zeta,1.000000,5.0,0.44735438293880886,0.21717537939548492,0.007154,/home/omo26/Non-Rev-Owen/mcmaze/cca_sweep_constant_lambda_emb_zeta/logs/lsf1p0_lcca5p0_s1_main.log,/home/omo26/Non-Rev-Owen/mcmaze/cca_sweep_constant_lambda_emb_zeta/logs/lsf1p0_lcca5p0_s1_finetune.log,/home/omo26/Non-Rev-Owen/mcmaze/runs/20260731_114752_d128_h256_dep2_bs64_ep150_lr5e-04_lxp0.0_lbt0.0_lcca5.0_sig10.0_s1/outputs/velocity_prediction_finetune_100ms_hidden/metrics.csv,hidden,512,80.99271392822266,83.82302856445312,82.42086029052734,0.8967263698577881,0.8661843538284302,0.8814553618431091,hidden,512,71.20046997070312,74.96041870117188,73.10547637939453,0.9201889038085938,0.8929851055145264,0.9065870046615601
1.0,5.0,2,128,/home/omo26/Non-Rev-Owen/mcmaze/runs/20260731_115352_d128_h256_dep2_bs64_ep150_lr5e-04_lxp0.0_lbt0.0_lcca5.0_sig10.0_s2,73,best_val_zeta,1.000000,5.0,0.4366217388047112,0.20608682930469513,0.006880,/home/omo26/Non-Rev-Owen/mcmaze/cca_sweep_constant_lambda_emb_zeta/logs/lsf1p0_lcca5p0_s2_main.log,/home/omo26/Non-Rev-Owen/mcmaze/cca_sweep_constant_lambda_emb_zeta/logs/lsf1p0_lcca5p0_s2_finetune.log,/home/omo26/Non-Rev-Owen/mcmaze/runs/20260731_115352_d128_h256_dep2_bs64_ep150_lr5e-04_lxp0.0_lbt0.0_lcca5.0_sig10.0_s2/outputs/velocity_prediction_finetune_100ms_hidden/metrics.csv,hidden,512,79.82023620605469,84.42060852050781,82.15330505371094,0.8993141055107117,0.8631592988967896,0.8812366724014282,hidden,512,69.23257446289062,72.8492660522461,71.0648422241211,0.9242533445358276,0.898101270198822,0.9111772775650024
1.0,5.0,3,128,/home/omo26/Non-Rev-Owen/mcmaze/runs/20260731_115851_d128_h256_dep2_bs64_ep150_lr5e-04_lxp0.0_lbt0.0_lcca5.0_sig10.0_s3,112,best_val_zeta,1.000000,5.0,0.4559763967990875,0.25999411940574646,0.006698,/home/omo26/Non-Rev-Owen/mcmaze/cca_sweep_constant_lambda_emb_zeta/logs/lsf1p0_lcca5p0_s3_main.log,/home/omo26/Non-Rev-Owen/mcmaze/cca_sweep_constant_lambda_emb_zeta/logs/lsf1p0_lcca5p0_s3_finetune.log,/home/omo26/Non-Rev-Owen/mcmaze/runs/20260731_115851_d128_h256_dep2_bs64_ep150_lr5e-04_lxp0.0_lbt0.0_lcca5.0_sig10.0_s3/outputs/velocity_prediction_finetune_100ms_hidden/metrics.csv,hidden,512,78.1182632446289,84.5225830078125,81.38438415527344,0.9028046727180481,0.868414044380188,0.8856093883514404,hidden,512,68.77629089355469,76.02515411376953,72.49235534667969,0.9246613383293152,0.8935419321060181,0.9091016054153442
1.0,5.0,4,128,/home/omo26/Non-Rev-Owen/mcmaze/runs/20260731_120426_d128_h256_dep2_bs64_ep150_lr5e-04_lxp0.0_lbt0.0_lcca5.0_sig10.0_s4,91,best_val_zeta,1.000000,5.0,0.45284850398699444,0.23628008365631104,0.006837,/home/omo26/Non-Rev-Owen/mcmaze/cca_sweep_constant_lambda_emb_zeta/logs/lsf1p0_lcca5p0_s4_main.log,/home/omo26/Non-Rev-Owen/mcmaze/cca_sweep_constant_lambda_emb_zeta/logs/lsf1p0_lcca5p0_s4_finetune.log,/home/omo26/Non-Rev-Owen/mcmaze/runs/20260731_120426_d128_h256_dep2_bs64_ep150_lr5e-04_lxp0.0_lbt0.0_lcca5.0_sig10.0_s4/outputs/velocity_prediction_finetune_100ms_hidden/metrics.csv,hidden,512,79.03780364990234,85.73580932617188,82.4557113647461,0.9015764594078064,0.8604860901832581,0.8810312747955322,hidden,512,69.52040100097656,73.77679443359375,71.68106079101562,0.923852801322937,0.8966923356056213,0.9102725982666016
1.0,10.0,0,128,/home/omo26/Non-Rev-Owen/mcmaze/runs/20260731_120922_d128_h256_dep2_bs64_ep150_lr5e-04_lxp0.0_lbt0.0_lcca10.0_sig10.0_s0,96,best_val_zeta,1.000000,10.0,0.41157859232690597,0.1621830314397812,0.002876,/home/omo26/Non-Rev-Owen/mcmaze/cca_sweep_constant_lambda_emb_zeta/logs/lsf1p0_lcca10p0_s0_main.log,/home/omo26/Non-Rev-Owen/mcmaze/cca_sweep_constant_lambda_emb_zeta/logs/lsf1p0_lcca10p0_s0_finetune.log,/home/omo26/Non-Rev-Owen/mcmaze/runs/20260731_120922_d128_h256_dep2_bs64_ep150_lr5e-04_lxp0.0_lbt0.0_lcca10.0_sig10.0_s0/outputs/velocity_prediction_finetune_100ms_hidden/metrics.csv,hidden,512,82.46646118164062,84.74612426757812,83.61502838134766,0.8967552185058594,0.8661025762557983,0.8814288973808289,hidden,512,69.68782043457031,76.20156860351562,73.01853942871094,0.9262729287147522,0.891741931438446,0.9090074300765991
1.0,10.0,1,128,/home/omo26/Non-Rev-Owen/mcmaze/runs/20260731_121552_d128_h256_dep2_bs64_ep150_lr5e-04_lxp0.0_lbt0.0_lcca10.0_sig10.0_s1,96,best_val_zeta,1.000000,10.0,0.384233209821913,0.140517920255661,0.003126,/home/omo26/Non-Rev-Owen/mcmaze/cca_sweep_constant_lambda_emb_zeta/logs/lsf1p0_lcca10p0_s1_main.log,/home/omo26/Non-Rev-Owen/mcmaze/cca_sweep_constant_lambda_emb_zeta/logs/lsf1p0_lcca10p0_s1_finetune.log,/home/omo26/Non-Rev-Owen/mcmaze/runs/20260731_121552_d128_h256_dep2_bs64_ep150_lr5e-04_lxp0.0_lbt0.0_lcca10.0_sig10.0_s1/outputs/velocity_prediction_finetune_100ms_hidden/metrics.csv,hidden,512,82.40121459960938,86.31906127929688,84.3837661743164,0.8931031823158264,0.8580963611602783,0.87559974193573,hidden,512,72.23257446289062,74.26918029785156,73.25883483886719,0.9178583025932312,0.8949496746063232,0.9064040184020996
1.0,10.0,2,128,/home/omo26/Non-Rev-Owen/mcmaze/runs/20260731_122154_d128_h256_dep2_bs64_ep150_lr5e-04_lxp0.0_lbt0.0_lcca10.0_sig10.0_s2,93,best_val_zeta,1.000000,10.0,0.40031413237253827,0.14929966628551483,0.002811,/home/omo26/Non-Rev-Owen/mcmaze/cca_sweep_constant_lambda_emb_zeta/logs/lsf1p0_lcca10p0_s2_main.log,/home/omo26/Non-Rev-Owen/mcmaze/cca_sweep_constant_lambda_emb_zeta/logs/lsf1p0_lcca10p0_s2_finetune.log,/home/omo26/Non-Rev-Owen/mcmaze/runs/20260731_122154_d128_h256_dep2_bs64_ep150_lr5e-04_lxp0.0_lbt0.0_lcca10.0_sig10.0_s2/outputs/velocity_prediction_finetune_100ms_hidden/metrics.csv,hidden,512,80.62312316894531,85.63336181640625,83.16674041748047,0.897278368473053,0.8591994643211365,0.8782389163970947,hidden,512,68.83120727539062,73.98902130126953,71.4576416015625,0.9251290559768677,0.8948878645896912,0.910008430480957
1.0,10.0,3,128,/home/omo26/Non-Rev-Owen/mcmaze/runs/20260731_122712_d128_h256_dep2_bs64_ep150_lr5e-04_lxp0.0_lbt0.0_lcca10.0_sig10.0_s3,142,best_val_zeta,1.000000,10.0,0.34865392247835797,0.12653297185897827,0.003680,/home/omo26/Non-Rev-Owen/mcmaze/cca_sweep_constant_lambda_emb_zeta/logs/lsf1p0_lcca10p0_s3_main.log,/home/omo26/Non-Rev-Owen/mcmaze/cca_sweep_constant_lambda_emb_zeta/logs/lsf1p0_lcca10p0_s3_finetune.log,/home/omo26/Non-Rev-Owen/mcmaze/runs/20260731_122712_d128_h256_dep2_bs64_ep150_lr5e-04_lxp0.0_lbt0.0_lcca10.0_sig10.0_s3/outputs/velocity_prediction_finetune_100ms_hidden/metrics.csv,hidden,512,78.1749496459961,84.2585678100586,81.27462005615234,0.9026635885238647,0.8692348003387451,0.8859491944313049,hidden,512,68.676513671875,75.56172180175781,72.20211791992188,0.924879789352417,0.8948358297348022,0.9098578095436096
1.0,10.0,4,128,/home/omo26/Non-Rev-Owen/mcmaze/runs/20260731_123352_d128_h256_dep2_bs64_ep150_lr5e-04_lxp0.0_lbt0.0_lcca10.0_sig10.0_s4,103,best_val_zeta,1.000000,10.0,0.38352460000250077,0.15660928189754486,0.002388,/home/omo26/Non-Rev-Owen/mcmaze/cca_sweep_constant_lambda_emb_zeta/logs/lsf1p0_lcca10p0_s4_main.log,/home/omo26/Non-Rev-Owen/mcmaze/cca_sweep_constant_lambda_emb_zeta/logs/lsf1p0_lcca10p0_s4_finetune.log,/home/omo26/Non-Rev-Owen/mcmaze/runs/20260731_123352_d128_h256_dep2_bs64_ep150_lr5e-04_lxp0.0_lbt0.0_lcca10.0_sig10.0_s4/outputs/velocity_prediction_finetune_100ms_hidden/metrics.csv,hidden,512,79.45777893066406,85.30779266357422,82.4355697631836,0.9005277156829834,0.861875593662262,0.8812016248703003,hidden,512,69.76142883300781,73.43836975097656,71.62452697753906,0.9233238697052002,0.8976379632949829,0.9104809165000916
1.0,20.0,0,128,/home/omo26/Non-Rev-Owen/mcmaze/runs/20260731_123952_d128_h256_dep2_bs64_ep150_lr5e-04_lxp0.0_lbt0.0_lcca20.0_sig10.0_s0,146,best_val_zeta,1.000000,20.0,0.31904605362150407,0.08517614752054214,0.002412,/home/omo26/Non-Rev-Owen/mcmaze/cca_sweep_constant_lambda_emb_zeta/logs/lsf1p0_lcca20p0_s0_main.log,/home/omo26/Non-Rev-Owen/mcmaze/cca_sweep_constant_lambda_emb_zeta/logs/lsf1p0_lcca20p0_s0_finetune.log,/home/omo26/Non-Rev-Owen/mcmaze/runs/20260731_123952_d128_h256_dep2_bs64_ep150_lr5e-04_lxp0.0_lbt0.0_lcca20.0_sig10.0_s0/outputs/velocity_prediction_finetune_100ms_hidden/metrics.csv,hidden,512,89.96336364746094,94.15611267089844,92.08454895019531,0.877130389213562,0.8347164392471313,0.8559234142303467,hidden,512,69.74160766601562,76.55828857421875,73.23042297363281,0.9261590838432312,0.8907259702682495,0.908442497253418
1.0,20.0,1,128,/home/omo26/Non-Rev-Owen/mcmaze/runs/20260731_124552_d128_h256_dep2_bs64_ep150_lr5e-04_lxp0.0_lbt0.0_lcca20.0_sig10.0_s1,147,best_val_zeta,1.000000,20.0,0.2912033432059818,0.06640041619539261,0.002840,/home/omo26/Non-Rev-Owen/mcmaze/cca_sweep_constant_lambda_emb_zeta/logs/lsf1p0_lcca20p0_s1_main.log,/home/omo26/Non-Rev-Owen/mcmaze/cca_sweep_constant_lambda_emb_zeta/logs/lsf1p0_lcca20p0_s1_finetune.log,/home/omo26/Non-Rev-Owen/mcmaze/runs/20260731_124552_d128_h256_dep2_bs64_ep150_lr5e-04_lxp0.0_lbt0.0_lcca20.0_sig10.0_s1/outputs/velocity_prediction_finetune_100ms_hidden/metrics.csv,hidden,512,91.88990020751953,100.496337890625,96.29024505615234,0.8670669198036194,0.8076550960540771,0.8373609781265259,hidden,512,73.1933364868164,75.76214599609375,74.48983764648438,0.9156586527824402,0.8906837701797485,0.903171181678772
1.0,20.0,2,128,/home/omo26/Non-Rev-Owen/mcmaze/runs/20260731_125152_d128_h256_dep2_bs64_ep150_lr5e-04_lxp0.0_lbt0.0_lcca20.0_sig10.0_s2,143,best_val_zeta,1.000000,20.0,0.31469033161799115,0.07694316655397415,0.002432,/home/omo26/Non-Rev-Owen/mcmaze/cca_sweep_constant_lambda_emb_zeta/logs/lsf1p0_lcca20p0_s2_main.log,/home/omo26/Non-Rev-Owen/mcmaze/cca_sweep_constant_lambda_emb_zeta/logs/lsf1p0_lcca20p0_s2_finetune.log,/home/omo26/Non-Rev-Owen/mcmaze/runs/20260731_125152_d128_h256_dep2_bs64_ep150_lr5e-04_lxp0.0_lbt0.0_lcca20.0_sig10.0_s2/outputs/velocity_prediction_finetune_100ms_hidden/metrics.csv,hidden,512,89.06730651855469,96.75637817382812,92.9921646118164,0.8746341466903687,0.8202464580535889,0.8474403023719788,hidden,512,70.07890319824219,75.03700256347656,72.60128784179688,0.9223901033401489,0.8918891549110413,0.9071396589279175
1.0,20.0,3,128,/home/omo26/Non-Rev-Owen/mcmaze/runs/20260731_125752_d128_h256_dep2_bs64_ep150_lr5e-04_lxp0.0_lbt0.0_lcca20.0_sig10.0_s3,150,best_val_zeta,1.000000,20.0,0.3151443435086144,0.07650424540042877,0.002761,/home/omo26/Non-Rev-Owen/mcmaze/cca_sweep_constant_lambda_emb_zeta/logs/lsf1p0_lcca20p0_s3_main.log,/home/omo26/Non-Rev-Owen/mcmaze/cca_sweep_constant_lambda_emb_zeta/logs/lsf1p0_lcca20p0_s3_finetune.log,/home/omo26/Non-Rev-Owen/mcmaze/runs/20260731_125752_d128_h256_dep2_bs64_ep150_lr5e-04_lxp0.0_lbt0.0_lcca20.0_sig10.0_s3/outputs/velocity_prediction_finetune_100ms_hidden/metrics.csv,hidden,512,88.8766860961914,98.54595947265625,93.83716583251953,0.8741897940635681,0.821128249168396,0.8476589918136597,hidden,512,71.13646697998047,75.99404907226562,73.60655975341797,0.9194018840789795,0.8936290144920349,0.9065154790878296
1.0,20.0,4,128,/home/omo26/Non-Rev-Owen/mcmaze/runs/20260731_130352_d128_h256_dep2_bs64_ep150_lr5e-04_lxp0.0_lbt0.0_lcca20.0_sig10.0_s4,135,best_val_zeta,1.000000,20.0,0.3223722411526574,0.07651590555906296,0.002736,/home/omo26/Non-Rev-Owen/mcmaze/cca_sweep_constant_lambda_emb_zeta/logs/lsf1p0_lcca20p0_s4_main.log,/home/omo26/Non-Rev-Owen/mcmaze/cca_sweep_constant_lambda_emb_zeta/logs/lsf1p0_lcca20p0_s4_finetune.log,/home/omo26/Non-Rev-Owen/mcmaze/runs/20260731_130352_d128_h256_dep2_bs64_ep150_lr5e-04_lxp0.0_lbt0.0_lcca20.0_sig10.0_s4/outputs/velocity_prediction_finetune_100ms_hidden/metrics.csv,hidden,512,89.28447723388672,95.97866821289062,92.69307708740234,0.8744024038314819,0.8251593112945557,0.8497808575630188,hidden,512,69.58735656738281,73.98351287841797,71.82006072998047,0.9237060546875,0.8961126208305359,0.9099093675613403
