lambda_start_frac,lambda_block_cca,seed,dimension,run_dir,saved_checkpoint_epoch,checkpoint_selection,checkpoint_lambda_scale,checkpoint_regularization_lambda,embedding_val_zeta,embedding_whole_val_regularization_raw,train_log,finetune_log,finetune_metrics,frozen_decoder_feature_layer,frozen_decoder_feature_dim,frozen_decoder_rmse_x,frozen_decoder_rmse_y,frozen_decoder_rmse_mean,frozen_decoder_r2_x,frozen_decoder_r2_y,frozen_decoder_r2_mean,finetuned_decoder_feature_layer,finetuned_decoder_feature_dim,finetuned_decoder_rmse_x,finetuned_decoder_rmse_y,finetuned_decoder_rmse_mean,finetuned_decoder_r2_x,finetuned_decoder_r2_y,finetuned_decoder_r2_mean
1.0,1.0,0,128,/home/omo26/Non-Rev-Owen/mcmaze/runs/20260729_104259_d128_h256_dep2_bs64_ep150_lr5e-04_lxp0.0_lbt0.0_lcca1.0_sig10.0_s0,80,best_val_zeta,1.000000,1.0,0.4647115270296733,0.112576,/home/omo26/Non-Rev-Owen/mcmaze/cca_warmup_finetune_sweep/logs/lsf1p0_lcca1p0_s0_main.log,/home/omo26/Non-Rev-Owen/mcmaze/cca_warmup_finetune_sweep/logs/lsf1p0_lcca1p0_s0_finetune.log,/home/omo26/Non-Rev-Owen/mcmaze/runs/20260729_104259_d128_h256_dep2_bs64_ep150_lr5e-04_lxp0.0_lbt0.0_lcca1.0_sig10.0_s0/outputs/velocity_prediction_finetune_100ms_hidden/metrics.csv,hidden,512,74.50880432128906,80.21664428710938,77.41629028320312,0.9157192707061768,0.8800330758094788,0.8978761434555054,hidden,512,69.51110076904297,74.89291381835938,72.25289916992188,0.92664635181427,0.8954283595085144,0.9110373258590698
1.0,1.0,1,128,/home/omo26/Non-Rev-Owen/mcmaze/runs/20260729_104626_d128_h256_dep2_bs64_ep150_lr5e-04_lxp0.0_lbt0.0_lcca1.0_sig10.0_s1,79,best_val_zeta,1.000000,1.0,0.4628902276357015,0.099187,/home/omo26/Non-Rev-Owen/mcmaze/cca_warmup_finetune_sweep/logs/lsf1p0_lcca1p0_s1_main.log,/home/omo26/Non-Rev-Owen/mcmaze/cca_warmup_finetune_sweep/logs/lsf1p0_lcca1p0_s1_finetune.log,/home/omo26/Non-Rev-Owen/mcmaze/runs/20260729_104626_d128_h256_dep2_bs64_ep150_lr5e-04_lxp0.0_lbt0.0_lcca1.0_sig10.0_s1/outputs/velocity_prediction_finetune_100ms_hidden/metrics.csv,hidden,512,75.9576644897461,78.38672637939453,77.1823959350586,0.9091676473617554,0.882978618144989,0.8960731029510498,hidden,512,70.37630462646484,74.20127868652344,72.31488800048828,0.9220259189605713,0.8951416611671448,0.9085837602615356
1.0,1.0,2,128,/home/omo26/Non-Rev-Owen/mcmaze/runs/20260729_104951_d128_h256_dep2_bs64_ep150_lr5e-04_lxp0.0_lbt0.0_lcca1.0_sig10.0_s2,68,best_val_zeta,1.000000,1.0,0.46937696801291573,0.102492,/home/omo26/Non-Rev-Owen/mcmaze/cca_warmup_finetune_sweep/logs/lsf1p0_lcca1p0_s2_main.log,/home/omo26/Non-Rev-Owen/mcmaze/cca_warmup_finetune_sweep/logs/lsf1p0_lcca1p0_s2_finetune.log,/home/omo26/Non-Rev-Owen/mcmaze/runs/20260729_104951_d128_h256_dep2_bs64_ep150_lr5e-04_lxp0.0_lbt0.0_lcca1.0_sig10.0_s2/outputs/velocity_prediction_finetune_100ms_hidden/metrics.csv,hidden,512,73.78614044189453,80.2994613647461,77.11216735839844,0.9139615893363953,0.8761934638023376,0.8950775265693665,hidden,512,67.98238372802734,73.29077911376953,70.68724822998047,0.926964282989502,0.8968623876571655,0.9119133353233337
1.0,1.0,3,128,/home/omo26/Non-Rev-Owen/mcmaze/runs/20260729_105319_d128_h256_dep2_bs64_ep150_lr5e-04_lxp0.0_lbt0.0_lcca1.0_sig10.0_s3,63,best_val_zeta,1.000000,1.0,0.45379386014408535,0.100055,/home/omo26/Non-Rev-Owen/mcmaze/cca_warmup_finetune_sweep/logs/lsf1p0_lcca1p0_s3_main.log,/home/omo26/Non-Rev-Owen/mcmaze/cca_warmup_finetune_sweep/logs/lsf1p0_lcca1p0_s3_finetune.log,/home/omo26/Non-Rev-Owen/mcmaze/runs/20260729_105319_d128_h256_dep2_bs64_ep150_lr5e-04_lxp0.0_lbt0.0_lcca1.0_sig10.0_s3/outputs/velocity_prediction_finetune_100ms_hidden/metrics.csv,hidden,512,75.05194854736328,79.4271240234375,77.2712173461914,0.9102851748466492,0.8838012218475342,0.8970432281494141,hidden,512,69.91024780273438,74.0647201538086,72.01820373535156,0.922156572341919,0.8989615440368652,0.9105590581893921
1.0,1.0,4,128,/home/omo26/Non-Rev-Owen/mcmaze/runs/20260729_105645_d128_h256_dep2_bs64_ep150_lr5e-04_lxp0.0_lbt0.0_lcca1.0_sig10.0_s4,49,best_val_zeta,1.000000,1.0,0.4614308045970069,0.094923,/home/omo26/Non-Rev-Owen/mcmaze/cca_warmup_finetune_sweep/logs/lsf1p0_lcca1p0_s4_main.log,/home/omo26/Non-Rev-Owen/mcmaze/cca_warmup_finetune_sweep/logs/lsf1p0_lcca1p0_s4_finetune.log,/home/omo26/Non-Rev-Owen/mcmaze/runs/20260729_105645_d128_h256_dep2_bs64_ep150_lr5e-04_lxp0.0_lbt0.0_lcca1.0_sig10.0_s4/outputs/velocity_prediction_finetune_100ms_hidden/metrics.csv,hidden,512,75.4848861694336,79.850830078125,77.69935607910156,0.9102262258529663,0.8789814710617065,0.8946038484573364,hidden,512,69.97787475585938,73.81587982177734,71.92328643798828,0.922847330570221,0.896582841873169,0.9097150564193726
0.2,2.0,0,128,/home/omo26/Non-Rev-Owen/mcmaze/runs/20260729_110011_d128_h256_dep2_bs64_ep150_lr5e-04_lxp0.0_lbt0.0_lcca2.0_sig10.0_s0,72,best_val_zeta,0.581208,1.162416,0.43825392921765643,0.163524,/home/omo26/Non-Rev-Owen/mcmaze/cca_warmup_finetune_sweep/logs/lsf0p2_lcca2p0_s0_main.log,/home/omo26/Non-Rev-Owen/mcmaze/cca_warmup_finetune_sweep/logs/lsf0p2_lcca2p0_s0_finetune.log,/home/omo26/Non-Rev-Owen/mcmaze/runs/20260729_110011_d128_h256_dep2_bs64_ep150_lr5e-04_lxp0.0_lbt0.0_lcca2.0_sig10.0_s0/outputs/velocity_prediction_finetune_100ms_hidden/metrics.csv,hidden,512,76.24632263183594,83.37092590332031,79.88909149169922,0.911742627620697,0.8704128861427307,0.8910777568817139,hidden,512,69.31913757324219,77.3489990234375,73.44473266601562,0.9270509481430054,0.8884571194648743,0.9077540636062622
0.2,2.0,1,128,/home/omo26/Non-Rev-Owen/mcmaze/runs/20260729_110630_d128_h256_dep2_bs64_ep150_lr5e-04_lxp0.0_lbt0.0_lcca2.0_sig10.0_s1,80,best_val_zeta,0.624161,1.248322,0.44779543413056266,0.152856,/home/omo26/Non-Rev-Owen/mcmaze/cca_warmup_finetune_sweep/logs/lsf0p2_lcca2p0_s1_main.log,/home/omo26/Non-Rev-Owen/mcmaze/cca_warmup_finetune_sweep/logs/lsf0p2_lcca2p0_s1_finetune.log,/home/omo26/Non-Rev-Owen/mcmaze/runs/20260729_110630_d128_h256_dep2_bs64_ep150_lr5e-04_lxp0.0_lbt0.0_lcca2.0_sig10.0_s1/outputs/velocity_prediction_finetune_100ms_hidden/metrics.csv,hidden,512,77.4767837524414,80.54509735107422,79.02656555175781,0.9054980874061584,0.8764455318450928,0.8909717798233032,hidden,512,71.68550109863281,74.75379180908203,73.23654174804688,0.9190978407859802,0.8935742974281311,0.9063360691070557
0.2,2.0,2,128,/home/omo26/Non-Rev-Owen/mcmaze/runs/20260729_111235_d128_h256_dep2_bs64_ep150_lr5e-04_lxp0.0_lbt0.0_lcca2.0_sig10.0_s2,59,best_val_zeta,0.511409,1.022818,0.46148550179269576,0.163197,/home/omo26/Non-Rev-Owen/mcmaze/cca_warmup_finetune_sweep/logs/lsf0p2_lcca2p0_s2_main.log,/home/omo26/Non-Rev-Owen/mcmaze/cca_warmup_finetune_sweep/logs/lsf0p2_lcca2p0_s2_finetune.log,/home/omo26/Non-Rev-Owen/mcmaze/runs/20260729_111235_d128_h256_dep2_bs64_ep150_lr5e-04_lxp0.0_lbt0.0_lcca2.0_sig10.0_s2/outputs/velocity_prediction_finetune_100ms_hidden/metrics.csv,hidden,512,74.25448608398438,80.45947265625,77.41976165771484,0.912865936756134,0.8756995797157288,0.8942827582359314,hidden,512,69.0153579711914,74.46793365478516,71.79427337646484,0.9247279167175293,0.8935227394104004,0.9091253280639648
0.2,2.0,3,128,/home/omo26/Non-Rev-Owen/mcmaze/runs/20260729_111830_d128_h256_dep2_bs64_ep150_lr5e-04_lxp0.0_lbt0.0_lcca2.0_sig10.0_s3,73,best_val_zeta,0.586577,1.173154,0.49529074960284764,0.159700,/home/omo26/Non-Rev-Owen/mcmaze/cca_warmup_finetune_sweep/logs/lsf0p2_lcca2p0_s3_main.log,/home/omo26/Non-Rev-Owen/mcmaze/cca_warmup_finetune_sweep/logs/lsf0p2_lcca2p0_s3_finetune.log,/home/omo26/Non-Rev-Owen/mcmaze/runs/20260729_111830_d128_h256_dep2_bs64_ep150_lr5e-04_lxp0.0_lbt0.0_lcca2.0_sig10.0_s3/outputs/velocity_prediction_finetune_100ms_hidden/metrics.csv,hidden,512,75.0712661743164,82.82062530517578,79.04177856445312,0.9102389812469482,0.8736599683761597,0.891949474811554,hidden,512,69.31507110595703,75.92097473144531,72.69379425048828,0.9234763383865356,0.8938334584236145,0.9086549282073975
0.2,2.0,4,128,/home/omo26/Non-Rev-Owen/mcmaze/runs/20260729_112431_d128_h256_dep2_bs64_ep150_lr5e-04_lxp0.0_lbt0.0_lcca2.0_sig10.0_s4,79,best_val_zeta,0.618792,1.237584,0.4473392532931434,0.151600,/home/omo26/Non-Rev-Owen/mcmaze/cca_warmup_finetune_sweep/logs/lsf0p2_lcca2p0_s4_main.log,/home/omo26/Non-Rev-Owen/mcmaze/cca_warmup_finetune_sweep/logs/lsf0p2_lcca2p0_s4_finetune.log,/home/omo26/Non-Rev-Owen/mcmaze/runs/20260729_112431_d128_h256_dep2_bs64_ep150_lr5e-04_lxp0.0_lbt0.0_lcca2.0_sig10.0_s4/outputs/velocity_prediction_finetune_100ms_hidden/metrics.csv,hidden,512,76.15289306640625,82.5664291381836,79.42515563964844,0.9086303114891052,0.8706101775169373,0.8896202445030212,hidden,512,69.7283935546875,75.09146118164062,72.46044158935547,0.9233964681625366,0.8929777145385742,0.9081870913505554
0.2,5.0,0,128,/home/omo26/Non-Rev-Owen/mcmaze/runs/20260729_112936_d128_h256_dep2_bs64_ep150_lr5e-04_lxp0.0_lbt0.0_lcca5.0_sig10.0_s0,128,best_val_zeta,0.881879,4.409395,0.47074294090270996,0.026825,/home/omo26/Non-Rev-Owen/mcmaze/cca_warmup_finetune_sweep/logs/lsf0p2_lcca5p0_s0_main.log,/home/omo26/Non-Rev-Owen/mcmaze/cca_warmup_finetune_sweep/logs/lsf0p2_lcca5p0_s0_finetune.log,/home/omo26/Non-Rev-Owen/mcmaze/runs/20260729_112936_d128_h256_dep2_bs64_ep150_lr5e-04_lxp0.0_lbt0.0_lcca5.0_sig10.0_s0/outputs/velocity_prediction_finetune_100ms_hidden/metrics.csv,hidden,512,72.98838806152344,79.39907836914062,76.26174926757812,0.9191237688064575,0.8824660181999207,0.9007948637008667,hidden,512,68.0274887084961,74.33926391601562,71.25404357910156,0.9297442436218262,0.8969687223434448,0.9133564829826355
0.2,5.0,1,128,/home/omo26/Non-Rev-Owen/mcmaze/runs/20260729_113303_d128_h256_dep2_bs64_ep150_lr5e-04_lxp0.0_lbt0.0_lcca5.0_sig10.0_s1,56,best_val_zeta,0.495302,2.47651,0.4526153306166331,0.042989,/home/omo26/Non-Rev-Owen/mcmaze/cca_warmup_finetune_sweep/logs/lsf0p2_lcca5p0_s1_main.log,/home/omo26/Non-Rev-Owen/mcmaze/cca_warmup_finetune_sweep/logs/lsf0p2_lcca5p0_s1_finetune.log,/home/omo26/Non-Rev-Owen/mcmaze/runs/20260729_113303_d128_h256_dep2_bs64_ep150_lr5e-04_lxp0.0_lbt0.0_lcca5.0_sig10.0_s1/outputs/velocity_prediction_finetune_100ms_hidden/metrics.csv,hidden,512,75.60628509521484,78.64225006103516,77.13994598388672,0.910006046295166,0.8822144269943237,0.8961102366447449,hidden,512,70.646728515625,73.39396667480469,72.03426361083984,0.9214255213737488,0.8974109888076782,0.9094182252883911
0.2,5.0,2,128,/home/omo26/Non-Rev-Owen/mcmaze/runs/20260729_113629_d128_h256_dep2_bs64_ep150_lr5e-04_lxp0.0_lbt0.0_lcca5.0_sig10.0_s2,48,best_val_zeta,0.452349,2.261745,0.4502611656983693,0.045852,/home/omo26/Non-Rev-Owen/mcmaze/cca_warmup_finetune_sweep/logs/lsf0p2_lcca5p0_s2_main.log,/home/omo26/Non-Rev-Owen/mcmaze/cca_warmup_finetune_sweep/logs/lsf0p2_lcca5p0_s2_finetune.log,/home/omo26/Non-Rev-Owen/mcmaze/runs/20260729_113629_d128_h256_dep2_bs64_ep150_lr5e-04_lxp0.0_lbt0.0_lcca5.0_sig10.0_s2/outputs/velocity_prediction_finetune_100ms_hidden/metrics.csv,hidden,512,72.9865951538086,79.03468322753906,76.07147979736328,0.9158161282539368,0.8800628185272217,0.8979394435882568,hidden,512,67.2069091796875,72.44774627685547,69.87718200683594,0.9286209940910339,0.8992214202880859,0.9139212369918823
0.2,5.0,3,128,/home/omo26/Non-Rev-Owen/mcmaze/runs/20260729_114108_d128_h256_dep2_bs64_ep150_lr5e-04_lxp0.0_lbt0.0_lcca5.0_sig10.0_s3,106,best_val_zeta,0.763758,3.8187900000000004,0.4589685300985972,0.030099,/home/omo26/Non-Rev-Owen/mcmaze/cca_warmup_finetune_sweep/logs/lsf0p2_lcca5p0_s3_main.log,/home/omo26/Non-Rev-Owen/mcmaze/cca_warmup_finetune_sweep/logs/lsf0p2_lcca5p0_s3_finetune.log,/home/omo26/Non-Rev-Owen/mcmaze/runs/20260729_114108_d128_h256_dep2_bs64_ep150_lr5e-04_lxp0.0_lbt0.0_lcca5.0_sig10.0_s3/outputs/velocity_prediction_finetune_100ms_hidden/metrics.csv,hidden,512,72.85625457763672,79.98831939697266,76.50608825683594,0.9154577255249023,0.8821533918380737,0.898805558681488,hidden,512,68.84326171875,74.407470703125,71.68013763427734,0.9245145916938782,0.8980242013931274,0.9112694263458252
0.2,5.0,4,128,/home/omo26/Non-Rev-Owen/mcmaze/runs/20260729_114550_d128_h256_dep2_bs64_ep150_lr5e-04_lxp0.0_lbt0.0_lcca5.0_sig10.0_s4,91,best_val_zeta,0.683221,3.416105,0.4723167187637753,0.032049,/home/omo26/Non-Rev-Owen/mcmaze/cca_warmup_finetune_sweep/logs/lsf0p2_lcca5p0_s4_main.log,/home/omo26/Non-Rev-Owen/mcmaze/cca_warmup_finetune_sweep/logs/lsf0p2_lcca5p0_s4_finetune.log,/home/omo26/Non-Rev-Owen/mcmaze/runs/20260729_114550_d128_h256_dep2_bs64_ep150_lr5e-04_lxp0.0_lbt0.0_lcca5.0_sig10.0_s4/outputs/velocity_prediction_finetune_100ms_hidden/metrics.csv,hidden,512,74.96273803710938,79.14871978759766,77.0846939086914,0.9114639163017273,0.8811002969741821,0.8962820768356323,hidden,512,69.10112762451172,72.99874114990234,71.07732391357422,0.9247685074806213,0.8988597989082336,0.9118141531944275
0.1,10.0,0,128,/home/omo26/Non-Rev-Owen/mcmaze/runs/20260729_115135_d128_h256_dep2_bs64_ep150_lr5e-04_lxp0.0_lbt0.0_lcca10.0_sig10.0_s0,99,best_val_zeta,0.691946,6.919459999999999,0.482837223344379,0.015613,/home/omo26/Non-Rev-Owen/mcmaze/cca_warmup_finetune_sweep/logs/lsf0p1_lcca10p0_s0_main.log,/home/omo26/Non-Rev-Owen/mcmaze/cca_warmup_finetune_sweep/logs/lsf0p1_lcca10p0_s0_finetune.log,/home/omo26/Non-Rev-Owen/mcmaze/runs/20260729_115135_d128_h256_dep2_bs64_ep150_lr5e-04_lxp0.0_lbt0.0_lcca10.0_sig10.0_s0/outputs/velocity_prediction_finetune_100ms_hidden/metrics.csv,hidden,512,73.3281478881836,78.57363891601562,75.99681854248047,0.9183691143989563,0.8848971128463745,0.9016331434249878,hidden,512,67.46463012695312,73.91188049316406,70.76245880126953,0.9309020042419434,0.8981499671936035,0.9145259857177734
0.1,10.0,1,128,/home/omo26/Non-Rev-Owen/mcmaze/runs/20260729_115501_d128_h256_dep2_bs64_ep150_lr5e-04_lxp0.0_lbt0.0_lcca10.0_sig10.0_s1,137,best_val_zeta,0.921477,9.21477,0.453517218430837,0.010304,/home/omo26/Non-Rev-Owen/mcmaze/cca_warmup_finetune_sweep/logs/lsf0p1_lcca10p0_s1_main.log,/home/omo26/Non-Rev-Owen/mcmaze/cca_warmup_finetune_sweep/logs/lsf0p1_lcca10p0_s1_finetune.log,/home/omo26/Non-Rev-Owen/mcmaze/runs/20260729_115501_d128_h256_dep2_bs64_ep150_lr5e-04_lxp0.0_lbt0.0_lcca10.0_sig10.0_s1/outputs/velocity_prediction_finetune_100ms_hidden/metrics.csv,hidden,512,74.86183166503906,77.69491577148438,76.29218292236328,0.9117695689201355,0.8850350975990295,0.8984023332595825,hidden,512,69.9382553100586,72.81291961669922,71.39079284667969,0.922993540763855,0.8990288972854614,0.9110112190246582
0.1,10.0,2,128,/home/omo26/Non-Rev-Owen/mcmaze/runs/20260729_115829_d128_h256_dep2_bs64_ep150_lr5e-04_lxp0.0_lbt0.0_lcca10.0_sig10.0_s2,83,best_val_zeta,0.595302,5.95302,0.45663486255539787,0.017492,/home/omo26/Non-Rev-Owen/mcmaze/cca_warmup_finetune_sweep/logs/lsf0p1_lcca10p0_s2_main.log,/home/omo26/Non-Rev-Owen/mcmaze/cca_warmup_finetune_sweep/logs/lsf0p1_lcca10p0_s2_finetune.log,/home/omo26/Non-Rev-Owen/mcmaze/runs/20260729_115829_d128_h256_dep2_bs64_ep150_lr5e-04_lxp0.0_lbt0.0_lcca10.0_sig10.0_s2/outputs/velocity_prediction_finetune_100ms_hidden/metrics.csv,hidden,512,73.49861907958984,77.80839538574219,75.68482971191406,0.9146308302879333,0.8837558031082153,0.899193286895752,hidden,512,67.0045394897461,71.92725372314453,69.51016998291016,0.9290502071380615,0.9006643295288086,0.9148572683334351
0.1,10.0,3,128,/home/omo26/Non-Rev-Owen/mcmaze/runs/20260729_120204_d128_h256_dep2_bs64_ep150_lr5e-04_lxp0.0_lbt0.0_lcca10.0_sig10.0_s3,95,best_val_zeta,0.667785,6.677849999999999,0.4818575878938039,0.017227,/home/omo26/Non-Rev-Owen/mcmaze/cca_warmup_finetune_sweep/logs/lsf0p1_lcca10p0_s3_main.log,/home/omo26/Non-Rev-Owen/mcmaze/cca_warmup_finetune_sweep/logs/lsf0p1_lcca10p0_s3_finetune.log,/home/omo26/Non-Rev-Owen/mcmaze/runs/20260729_120204_d128_h256_dep2_bs64_ep150_lr5e-04_lxp0.0_lbt0.0_lcca10.0_sig10.0_s3/outputs/velocity_prediction_finetune_100ms_hidden/metrics.csv,hidden,512,73.5323715209961,80.19033813476562,76.9341812133789,0.9138813018798828,0.8815573453903198,0.8977193236351013,hidden,512,69.41065979003906,74.01213836669922,71.74915313720703,0.9232651591300964,0.8991049528121948,0.9111850261688232
0.1,10.0,4,128,/home/omo26/Non-Rev-Owen/mcmaze/runs/20260729_120536_d128_h256_dep2_bs64_ep150_lr5e-04_lxp0.0_lbt0.0_lcca10.0_sig10.0_s4,87,best_val_zeta,0.619463,6.19463,0.467028323147032,0.016379,/home/omo26/Non-Rev-Owen/mcmaze/cca_warmup_finetune_sweep/logs/lsf0p1_lcca10p0_s4_main.log,/home/omo26/Non-Rev-Owen/mcmaze/cca_warmup_finetune_sweep/logs/lsf0p1_lcca10p0_s4_finetune.log,/home/omo26/Non-Rev-Owen/mcmaze/runs/20260729_120536_d128_h256_dep2_bs64_ep150_lr5e-04_lxp0.0_lbt0.0_lcca10.0_sig10.0_s4/outputs/velocity_prediction_finetune_100ms_hidden/metrics.csv,hidden,512,73.91703796386719,80.46745300292969,77.2623062133789,0.9139167666435242,0.877105176448822,0.8955109715461731,hidden,512,69.69470977783203,73.3327865600586,71.5377197265625,0.9234704971313477,0.8979320526123047,0.9107012748718262
0.05,20.0,0,128,/home/omo26/Non-Rev-Owen/mcmaze/runs/20260729_120905_d128_h256_dep2_bs64_ep150_lr5e-04_lxp0.0_lbt0.0_lcca20.0_sig10.0_s0,129,best_val_zeta,0.866107,17.322139999999997,0.4558056957191891,0.003506,/home/omo26/Non-Rev-Owen/mcmaze/cca_warmup_finetune_sweep/logs/lsf0p05_lcca20p0_s0_main.log,/home/omo26/Non-Rev-Owen/mcmaze/cca_warmup_finetune_sweep/logs/lsf0p05_lcca20p0_s0_finetune.log,/home/omo26/Non-Rev-Owen/mcmaze/runs/20260729_120905_d128_h256_dep2_bs64_ep150_lr5e-04_lxp0.0_lbt0.0_lcca20.0_sig10.0_s0/outputs/velocity_prediction_finetune_100ms_hidden/metrics.csv,hidden,512,74.03583526611328,80.1003189086914,77.12857055664062,0.9167858362197876,0.8803807497024536,0.8985832929611206,hidden,512,67.48924255371094,74.10202026367188,70.87368774414062,0.9308515787124634,0.8976253271102905,0.914238452911377
0.05,20.0,1,128,/home/omo26/Non-Rev-Owen/mcmaze/runs/20260729_121232_d128_h256_dep2_bs64_ep150_lr5e-04_lxp0.0_lbt0.0_lcca20.0_sig10.0_s1,137,best_val_zeta,0.917114,18.34228,0.43254737390412223,0.003508,/home/omo26/Non-Rev-Owen/mcmaze/cca_warmup_finetune_sweep/logs/lsf0p05_lcca20p0_s1_main.log,/home/omo26/Non-Rev-Owen/mcmaze/cca_warmup_finetune_sweep/logs/lsf0p05_lcca20p0_s1_finetune.log,/home/omo26/Non-Rev-Owen/mcmaze/runs/20260729_121232_d128_h256_dep2_bs64_ep150_lr5e-04_lxp0.0_lbt0.0_lcca20.0_sig10.0_s1/outputs/velocity_prediction_finetune_100ms_hidden/metrics.csv,hidden,512,74.95292663574219,77.42784118652344,76.20091247558594,0.9115546941757202,0.8858240842819214,0.8986893892288208,hidden,512,68.84516143798828,72.07916259765625,70.4815444946289,0.9253818988800049,0.9010536670684814,0.9132177829742432
0.05,20.0,2,128,/home/omo26/Non-Rev-Owen/mcmaze/runs/20260729_121558_d128_h256_dep2_bs64_ep150_lr5e-04_lxp0.0_lbt0.0_lcca20.0_sig10.0_s2,82,best_val_zeta,0.566443,11.32886,0.4722062448660533,0.007953,/home/omo26/Non-Rev-Owen/mcmaze/cca_warmup_finetune_sweep/logs/lsf0p05_lcca20p0_s2_main.log,/home/omo26/Non-Rev-Owen/mcmaze/cca_warmup_finetune_sweep/logs/lsf0p05_lcca20p0_s2_finetune.log,/home/omo26/Non-Rev-Owen/mcmaze/runs/20260729_121558_d128_h256_dep2_bs64_ep150_lr5e-04_lxp0.0_lbt0.0_lcca20.0_sig10.0_s2/outputs/velocity_prediction_finetune_100ms_hidden/metrics.csv,hidden,512,73.55180358886719,79.24394989013672,76.45154571533203,0.9145072102546692,0.879426896572113,0.8969670534133911,hidden,512,67.46985626220703,72.55477905273438,70.05935668945312,0.9280613660812378,0.8989234566688538,0.9134924411773682
0.05,20.0,3,128,/home/omo26/Non-Rev-Owen/mcmaze/runs/20260729_121925_d128_h256_dep2_bs64_ep150_lr5e-04_lxp0.0_lbt0.0_lcca20.0_sig10.0_s3,132,best_val_zeta,0.885235,17.7047,0.48072971900304157,0.003157,/home/omo26/Non-Rev-Owen/mcmaze/cca_warmup_finetune_sweep/logs/lsf0p05_lcca20p0_s3_main.log,/home/omo26/Non-Rev-Owen/mcmaze/cca_warmup_finetune_sweep/logs/lsf0p05_lcca20p0_s3_finetune.log,/home/omo26/Non-Rev-Owen/mcmaze/runs/20260729_121925_d128_h256_dep2_bs64_ep150_lr5e-04_lxp0.0_lbt0.0_lcca20.0_sig10.0_s3/outputs/velocity_prediction_finetune_100ms_hidden/metrics.csv,hidden,512,75.09766387939453,80.31359100341797,77.75004577636719,0.9101758599281311,0.8811929821968079,0.8956844210624695,hidden,512,68.72694396972656,73.86176300048828,71.3414535522461,0.9247694611549377,0.8995144963264465,0.9121419787406921
0.05,20.0,4,128,/home/omo26/Non-Rev-Owen/mcmaze/runs/20260729_122252_d128_h256_dep2_bs64_ep150_lr5e-04_lxp0.0_lbt0.0_lcca20.0_sig10.0_s4,137,best_val_zeta,0.917114,18.34228,0.49914049439960056,0.005536,/home/omo26/Non-Rev-Owen/mcmaze/cca_warmup_finetune_sweep/logs/lsf0p05_lcca20p0_s4_main.log,/home/omo26/Non-Rev-Owen/mcmaze/cca_warmup_finetune_sweep/logs/lsf0p05_lcca20p0_s4_finetune.log,/home/omo26/Non-Rev-Owen/mcmaze/runs/20260729_122252_d128_h256_dep2_bs64_ep150_lr5e-04_lxp0.0_lbt0.0_lcca20.0_sig10.0_s4/outputs/velocity_prediction_finetune_100ms_hidden/metrics.csv,hidden,512,74.56097412109375,77.71349334716797,76.15423583984375,0.9124103784561157,0.8853732943534851,0.898891806602478,hidden,512,69.26982879638672,71.69666290283203,70.49433135986328,0.9244007468223572,0.9024357199668884,0.9134182333946228
0.02,50.0,0,128,/home/omo26/Non-Rev-Owen/mcmaze/runs/20260729_143256_d128_h256_dep2_bs64_ep150_lr5e-04_lxp0.0_lbt0.0_lcca50.0_sig10.0_s0,51,best_val_zeta,0.348859,17.44295,0.38436198896831936,0.002921,/home/omo26/Non-Rev-Owen/mcmaze/cca_warmup_finetune_sweep/logs/lsf0p02_lcca50p0_s0_main.log,/home/omo26/Non-Rev-Owen/mcmaze/cca_warmup_finetune_sweep/logs/lsf0p02_lcca50p0_s0_finetune.log,/home/omo26/Non-Rev-Owen/mcmaze/runs/20260729_143256_d128_h256_dep2_bs64_ep150_lr5e-04_lxp0.0_lbt0.0_lcca50.0_sig10.0_s0/outputs/velocity_prediction_finetune_100ms_hidden/metrics.csv,hidden,512,81.85173797607422,86.37364196777344,84.1437759399414,0.8982887268066406,0.8609102964401245,0.8795995116233826,hidden,512,69.50068664550781,74.8186264038086,72.20942687988281,0.9266683459281921,0.8956356644630432,0.9111520051956177
0.02,50.0,1,128,/home/omo26/Non-Rev-Owen/mcmaze/runs/20260729_143624_d128_h256_dep2_bs64_ep150_lr5e-04_lxp0.0_lbt0.0_lcca50.0_sig10.0_s1,109,best_val_zeta,0.730336,36.516799999999996,0.4187606871128082,0.005270,/home/omo26/Non-Rev-Owen/mcmaze/cca_warmup_finetune_sweep/logs/lsf0p02_lcca50p0_s1_main.log,/home/omo26/Non-Rev-Owen/mcmaze/cca_warmup_finetune_sweep/logs/lsf0p02_lcca50p0_s1_finetune.log,/home/omo26/Non-Rev-Owen/mcmaze/runs/20260729_143624_d128_h256_dep2_bs64_ep150_lr5e-04_lxp0.0_lbt0.0_lcca50.0_sig10.0_s1/outputs/velocity_prediction_finetune_100ms_hidden/metrics.csv,hidden,512,78.27709197998047,80.70799255371094,79.50267791748047,0.9035356640815735,0.8759452700614929,0.8897404670715332,hidden,512,70.40603637695312,73.7705307006836,72.10894012451172,0.9219599962234497,0.8963555693626404,0.9091577529907227
0.02,50.0,2,128,/home/omo26/Non-Rev-Owen/mcmaze/runs/20260729_143953_d128_h256_dep2_bs64_ep150_lr5e-04_lxp0.0_lbt0.0_lcca50.0_sig10.0_s2,88,best_val_zeta,0.592215,29.610750000000003,0.4727756447262234,0.003863,/home/omo26/Non-Rev-Owen/mcmaze/cca_warmup_finetune_sweep/logs/lsf0p02_lcca50p0_s2_main.log,/home/omo26/Non-Rev-Owen/mcmaze/cca_warmup_finetune_sweep/logs/lsf0p02_lcca50p0_s2_finetune.log,/home/omo26/Non-Rev-Owen/mcmaze/runs/20260729_143953_d128_h256_dep2_bs64_ep150_lr5e-04_lxp0.0_lbt0.0_lcca50.0_sig10.0_s2/outputs/velocity_prediction_finetune_100ms_hidden/metrics.csv,hidden,512,75.68524932861328,81.0666275024414,78.42279815673828,0.9094756841659546,0.8738164901733398,0.8916460871696472,hidden,512,67.7887954711914,72.99272918701172,70.43960571289062,0.9273796081542969,0.8976995348930359,0.9125396013259888
0.02,50.0,3,128,/home/omo26/Non-Rev-Owen/mcmaze/runs/20260729_144536_d128_h256_dep2_bs64_ep150_lr5e-04_lxp0.0_lbt0.0_lcca50.0_sig10.0_s3,87,best_val_zeta,0.585638,29.2819,0.39780929684638977,0.004095,/home/omo26/Non-Rev-Owen/mcmaze/cca_warmup_finetune_sweep/logs/lsf0p02_lcca50p0_s3_main.log,/home/omo26/Non-Rev-Owen/mcmaze/cca_warmup_finetune_sweep/logs/lsf0p02_lcca50p0_s3_finetune.log,/home/omo26/Non-Rev-Owen/mcmaze/runs/20260729_144536_d128_h256_dep2_bs64_ep150_lr5e-04_lxp0.0_lbt0.0_lcca50.0_sig10.0_s3/outputs/velocity_prediction_finetune_100ms_hidden/metrics.csv,hidden,512,76.75057983398438,82.19554901123047,79.52051544189453,0.9061782360076904,0.8755598068237305,0.8908690214157104,hidden,512,68.3116455078125,73.91613006591797,71.16978454589844,0.9256758689880371,0.8993664979934692,0.9125211834907532
0.02,50.0,4,128,/home/omo26/Non-Rev-Owen/mcmaze/runs/20260729_144954_d128_h256_dep2_bs64_ep150_lr5e-04_lxp0.0_lbt0.0_lcca50.0_sig10.0_s4,87,best_val_zeta,0.585638,29.2819,0.434223022725847,0.005383,/home/omo26/Non-Rev-Owen/mcmaze/cca_warmup_finetune_sweep/logs/lsf0p02_lcca50p0_s4_main.log,/home/omo26/Non-Rev-Owen/mcmaze/cca_warmup_finetune_sweep/logs/lsf0p02_lcca50p0_s4_finetune.log,/home/omo26/Non-Rev-Owen/mcmaze/runs/20260729_144954_d128_h256_dep2_bs64_ep150_lr5e-04_lxp0.0_lbt0.0_lcca50.0_sig10.0_s4/outputs/velocity_prediction_finetune_100ms_hidden/metrics.csv,hidden,512,76.4849853515625,80.37091064453125,78.45267486572266,0.9078316688537598,0.8773999214172363,0.892615795135498,hidden,512,69.30460357666016,72.6234130859375,70.98420715332031,0.9243248105049133,0.8998971581459045,0.9121109843254089
